Unity Editor version:    2021.3.27f1c2 (3b3d9646cb47)
Branch:                  2021.3/china_unity/release
Build type:              Release
Batch mode:              YES
macOS version:           Version 15.7.2 (Build 24G325)
Darwin version:          24.6.0
Architecture:            arm64
Running under Rosetta:   NO
Available memory:        32768 MB
[Licensing::Module] Trying to connect to existing licensing client channel...
[Licensing::IpcConnector] Successfully connected to the License Client on channel: "LicenseClient-const"
[Licensing::Client] Error: Code 10 while verifying Licensing Client signature (process Id: 79726, path: "/Applications/Unity Hub.app/Contents/Frameworks/UnityLicensingClient_V1.app/Contents/MacOS/Unity.Licensing.Client")
[Licensing::Module] Error: LicensingClient has failed validation; ignoring
[Licensing::Client] Handshaking with LicensingClient:
  Version:                 1.18.3+d7ffd15
  Session Id:              8ba119331ec847a79885efb4b6b57cbd
  Correlation Id:          fe154da113fe67ca13621d08fba60754
  External correlation Id: 7766585485532268946
  Machine Id:              Tv+a3wx5xTHQm1sR2B+G0nEuRlM=
[Licensing::Module] Successfully connected to LicensingClient on channel: "LicenseClient-const" (connect: 0.00s, validation: 0.01s, handshake: 0.35s)
[Licensing::IpcConnector] Successfully connected to the License Notification on channel: "LicenseClient-const-notifications"
Entitlement-based licensing initiated
[Licensing::Module] Error: Access token is unavailable; failed to update
[Licensing::Client] Successfully updated license
[Licensing::Client] Successfully resolved entitlements
[Licensing::Module] Serial number assigned to: "ewogICJzdWJzR3JvdXAiIDogInVuaXR5IGVkaXRvciIsCiAgIm5hbWVzcGFjZSIgOiAidW5pdHlfZWRpdG9yIiwKICAidHlwZSIgOiAiRURJVE9SIiwKICAidGFnIiA6ICJVbml0eVBlcnNvbmFsXXXX"
Pro License: NO
[Package Manager] Server::Start -- Port 56355 was selected
Launching external process: /Applications/Unity/Hub/Editor/2021.3.27f1c2/Unity.app/Contents/Resources/PackageManager/Server/UnityPackageManager

COMMAND LINE ARGUMENTS:
/Applications/Unity/Hub/Editor/2021.3.27f1c2/Unity.app/Contents/MacOS/Unity
-batchmode
-nographics
-projectPath
/Users/const/.codex/worktrees/1e89/echo-in-the-shell-evo-tavern-2026
-executeMethod
Echo.Editor.Contracts.ContractSmokeEntry.Run
-logFile
/Users/const/.codex/worktrees/1e89/echo-in-the-shell-evo-tavern-2026/Docs/Framework/Contracts/Evidence/unity.log
Successfully changed project path to: /Users/const/.codex/worktrees/1e89/echo-in-the-shell-evo-tavern-2026
/Users/const/.codex/worktrees/1e89/echo-in-the-shell-evo-tavern-2026
[UnityMemory] Configuration Parameters - Can be set up in boot.config
    "memorysetup-bucket-allocator-granularity=16"
    "memorysetup-bucket-allocator-bucket-count=8"
    "memorysetup-bucket-allocator-block-size=33554432"
    "memorysetup-bucket-allocator-block-count=8"
    "memorysetup-main-allocator-block-size=16777216"
    "memorysetup-thread-allocator-block-size=16777216"
    "memorysetup-gfx-main-allocator-block-size=16777216"
    "memorysetup-gfx-thread-allocator-block-size=16777216"
    "memorysetup-cache-allocator-block-size=4194304"
    "memorysetup-typetree-allocator-block-size=2097152"
    "memorysetup-profiler-bucket-allocator-granularity=16"
    "memorysetup-profiler-bucket-allocator-bucket-count=8"
    "memorysetup-profiler-bucket-allocator-block-size=33554432"
    "memorysetup-profiler-bucket-allocator-block-count=8"
    "memorysetup-profiler-allocator-block-size=16777216"
    "memorysetup-profiler-editor-allocator-block-size=1048576"
    "memorysetup-temp-allocator-size-main=16777216"
    "memorysetup-job-temp-allocator-block-size=2097152"
    "memorysetup-job-temp-allocator-block-size-background=1048576"
    "memorysetup-job-temp-allocator-reduction-small-platforms=262144"
    "memorysetup-temp-allocator-size-background-worker=32768"
    "memorysetup-temp-allocator-size-job-worker=262144"
    "memorysetup-temp-allocator-size-preload-manager=33554432"
    "memorysetup-temp-allocator-size-nav-mesh-worker=65536"
    "memorysetup-temp-allocator-size-audio-worker=65536"
    "memorysetup-temp-allocator-size-cloud-worker=32768"
    "memorysetup-temp-allocator-size-gi-baking-worker=262144"
    "memorysetup-temp-allocator-size-gfx=262144"
Player connection [8760304128] Host "[IP] 198.18.0.1 [Port] 55497 [Flags] 2 [Guid] 4193298908 [EditorId] 4193298908 [Version] 1048832 [Id] OSXEditor(0,Consts-MacBook-Pro.local) [Debug] 1 [PackageName] OSXEditor [ProjectName] Editor" joined multi-casting on [225.0.0.222:54997]...

Player connection [8760304128] Host "[IP] 198.18.0.1 [Port] 55497 [Flags] 2 [Guid] 4193298908 [EditorId] 4193298908 [Version] 1048832 [Id] OSXEditor(0,Consts-MacBook-Pro.local) [Debug] 1 [PackageName] OSXEditor [ProjectName] Editor" joined alternative multi-casting on [225.0.0.222:34997]...

AS: AutoStreaming module initializing.
[Licensing::Client] Successfully resolved entitlements
[Package Manager] Restoring resolved packages state from cache
[Licensing::Client] Successfully resolved entitlement details
[Package Manager]
Registered 61 packages:
  Packages from [https://packages.unity.cn]:
    com.unity.collab-proxy@2.0.4 (location: /Users/const/.codex/worktrees/1e89/echo-in-the-shell-evo-tavern-2026/Library/PackageCache/com.unity.collab-proxy@2.0.4)
    com.unity.ide.rider@3.0.21 (location: /Users/const/.codex/worktrees/1e89/echo-in-the-shell-evo-tavern-2026/Library/PackageCache/com.unity.ide.rider@3.0.21)
    com.unity.ide.visualstudio@2.0.18 (location: /Users/const/.codex/worktrees/1e89/echo-in-the-shell-evo-tavern-2026/Library/PackageCache/com.unity.ide.visualstudio@2.0.18)
    com.unity.ide.vscode@1.2.5 (location: /Users/const/.codex/worktrees/1e89/echo-in-the-shell-evo-tavern-2026/Library/PackageCache/com.unity.ide.vscode@1.2.5)
    com.unity.test-framework@1.1.33 (location: /Users/const/.codex/worktrees/1e89/echo-in-the-shell-evo-tavern-2026/Library/PackageCache/com.unity.test-framework@1.1.33)
    com.unity.textmeshpro@3.0.6 (location: /Users/const/.codex/worktrees/1e89/echo-in-the-shell-evo-tavern-2026/Library/PackageCache/com.unity.textmeshpro@3.0.6)
    com.unity.timeline@1.6.5 (location: /Users/const/.codex/worktrees/1e89/echo-in-the-shell-evo-tavern-2026/Library/PackageCache/com.unity.timeline@1.6.5)
    com.unity.visualscripting@1.8.0 (location: /Users/const/.codex/worktrees/1e89/echo-in-the-shell-evo-tavern-2026/Library/PackageCache/com.unity.visualscripting@1.8.0)
    com.unity.ext.nunit@1.0.6 (location: /Users/const/.codex/worktrees/1e89/echo-in-the-shell-evo-tavern-2026/Library/PackageCache/com.unity.ext.nunit@1.0.6)
    com.unity.mathematics@1.2.6 (location: /Users/const/.codex/worktrees/1e89/echo-in-the-shell-evo-tavern-2026/Library/PackageCache/com.unity.mathematics@1.2.6)
    com.unity.burst@1.8.4 (location: /Users/const/.codex/worktrees/1e89/echo-in-the-shell-evo-tavern-2026/Library/PackageCache/com.unity.burst@1.8.4)
    com.unity.2d.animation@7.0.11 (location: /Users/const/.codex/worktrees/1e89/echo-in-the-shell-evo-tavern-2026/Library/PackageCache/com.unity.2d.animation@7.0.11)
    com.unity.2d.pixel-perfect@5.0.3 (location: /Users/const/.codex/worktrees/1e89/echo-in-the-shell-evo-tavern-2026/Library/PackageCache/com.unity.2d.pixel-perfect@5.0.3)
    com.unity.2d.psdimporter@6.0.7 (location: /Users/const/.codex/worktrees/1e89/echo-in-the-shell-evo-tavern-2026/Library/PackageCache/com.unity.2d.psdimporter@6.0.7)
    com.unity.2d.spriteshape@7.0.7 (location: /Users/const/.codex/worktrees/1e89/echo-in-the-shell-evo-tavern-2026/Library/PackageCache/com.unity.2d.spriteshape@7.0.7)
    com.unity.2d.tilemap.extras@2.2.5 (location: /Users/const/.codex/worktrees/1e89/echo-in-the-shell-evo-tavern-2026/Library/PackageCache/com.unity.2d.tilemap.extras@2.2.5)
    com.unity.nuget.newtonsoft-json@3.2.1 (location: /Users/const/.codex/worktrees/1e89/echo-in-the-shell-evo-tavern-2026/Library/PackageCache/com.unity.nuget.newtonsoft-json@3.2.1)
    com.unity.searcher@4.9.1 (location: /Users/const/.codex/worktrees/1e89/echo-in-the-shell-evo-tavern-2026/Library/PackageCache/com.unity.searcher@4.9.1)
    com.unity.2d.common@6.0.6 (location: /Users/const/.codex/worktrees/1e89/echo-in-the-shell-evo-tavern-2026/Library/PackageCache/com.unity.2d.common@6.0.6)
    com.unity.2d.path@5.0.2 (location: /Users/const/.codex/worktrees/1e89/echo-in-the-shell-evo-tavern-2026/Library/PackageCache/com.unity.2d.path@5.0.2)
  Built-in packages:
    com.unity.feature.2d@1.0.0 (location: /Users/const/.codex/worktrees/1e89/echo-in-the-shell-evo-tavern-2026/Library/PackageCache/com.unity.feature.2d@1.0.0)
    com.unity.render-pipelines.universal@12.1.12 (location: /Users/const/.codex/worktrees/1e89/echo-in-the-shell-evo-tavern-2026/Library/PackageCache/com.unity.render-pipelines.universal@12.1.12)
    com.unity.ugui@1.0.0 (location: /Users/const/.codex/worktrees/1e89/echo-in-the-shell-evo-tavern-2026/Library/PackageCache/com.unity.ugui@1.0.0)
    com.unity.modules.ai@1.0.0 (location: /Users/const/.codex/worktrees/1e89/echo-in-the-shell-evo-tavern-2026/Library/PackageCache/com.unity.modules.ai@1.0.0)
    com.unity.modules.androidjni@1.0.0 (location: /Users/const/.codex/worktrees/1e89/echo-in-the-shell-evo-tavern-2026/Library/PackageCache/com.unity.modules.androidjni@1.0.0)
    com.unity.modules.animation@1.0.0 (location: /Users/const/.codex/worktrees/1e89/echo-in-the-shell-evo-tavern-2026/Library/PackageCache/com.unity.modules.animation@1.0.0)
    com.unity.modules.assetbundle@1.0.0 (location: /Users/const/.codex/worktrees/1e89/echo-in-the-shell-evo-tavern-2026/Library/PackageCache/com.unity.modules.assetbundle@1.0.0)
    com.unity.modules.audio@1.0.0 (location: /Users/const/.codex/worktrees/1e89/echo-in-the-shell-evo-tavern-2026/Library/PackageCache/com.unity.modules.audio@1.0.0)
    com.unity.modules.cloth@1.0.0 (location: /Users/const/.codex/worktrees/1e89/echo-in-the-shell-evo-tavern-2026/Library/PackageCache/com.unity.modules.cloth@1.0.0)
    com.unity.modules.director@1.0.0 (location: /Users/const/.codex/worktrees/1e89/echo-in-the-shell-evo-tavern-2026/Library/PackageCache/com.unity.modules.director@1.0.0)
    com.unity.modules.imageconversion@1.0.0 (location: /Users/const/.codex/worktrees/1e89/echo-in-the-shell-evo-tavern-2026/Library/PackageCache/com.unity.modules.imageconversion@1.0.0)
    com.unity.modules.imgui@1.0.0 (location: /Users/const/.codex/worktrees/1e89/echo-in-the-shell-evo-tavern-2026/Library/PackageCache/com.unity.modules.imgui@1.0.0)
    com.unity.modules.jsonserialize@1.0.0 (location: /Users/const/.codex/worktrees/1e89/echo-in-the-shell-evo-tavern-2026/Library/PackageCache/com.unity.modules.jsonserialize@1.0.0)
    com.unity.modules.particlesystem@1.0.0 (location: /Users/const/.codex/worktrees/1e89/echo-in-the-shell-evo-tavern-2026/Library/PackageCache/com.unity.modules.particlesystem@1.0.0)
    com.unity.modules.physics@1.0.0 (location: /Users/const/.codex/worktrees/1e89/echo-in-the-shell-evo-tavern-2026/Library/PackageCache/com.unity.modules.physics@1.0.0)
    com.unity.modules.physics2d@1.0.0 (location: /Users/const/.codex/worktrees/1e89/echo-in-the-shell-evo-tavern-2026/Library/PackageCache/com.unity.modules.physics2d@1.0.0)
    com.unity.modules.screencapture@1.0.0 (location: /Users/const/.codex/worktrees/1e89/echo-in-the-shell-evo-tavern-2026/Library/PackageCache/com.unity.modules.screencapture@1.0.0)
    com.unity.modules.terrain@1.0.0 (location: /Users/const/.codex/worktrees/1e89/echo-in-the-shell-evo-tavern-2026/Library/PackageCache/com.unity.modules.terrain@1.0.0)
    com.unity.modules.terrainphysics@1.0.0 (location: /Users/const/.codex/worktrees/1e89/echo-in-the-shell-evo-tavern-2026/Library/PackageCache/com.unity.modules.terrainphysics@1.0.0)
    com.unity.modules.tilemap@1.0.0 (location: /Users/const/.codex/worktrees/1e89/echo-in-the-shell-evo-tavern-2026/Library/PackageCache/com.unity.modules.tilemap@1.0.0)
    com.unity.modules.ui@1.0.0 (location: /Users/const/.codex/worktrees/1e89/echo-in-the-shell-evo-tavern-2026/Library/PackageCache/com.unity.modules.ui@1.0.0)
    com.unity.modules.uielements@1.0.0 (location: /Users/const/.codex/worktrees/1e89/echo-in-the-shell-evo-tavern-2026/Library/PackageCache/com.unity.modules.uielements@1.0.0)
    com.unity.modules.umbra@1.0.0 (location: /Users/const/.codex/worktrees/1e89/echo-in-the-shell-evo-tavern-2026/Library/PackageCache/com.unity.modules.umbra@1.0.0)
    com.unity.modules.unityanalytics@1.0.0 (location: /Users/const/.codex/worktrees/1e89/echo-in-the-shell-evo-tavern-2026/Library/PackageCache/com.unity.modules.unityanalytics@1.0.0)
    com.unity.modules.unitywebrequest@1.0.0 (location: /Users/const/.codex/worktrees/1e89/echo-in-the-shell-evo-tavern-2026/Library/PackageCache/com.unity.modules.unitywebrequest@1.0.0)
    com.unity.modules.unitywebrequestassetbundle@1.0.0 (location: /Users/const/.codex/worktrees/1e89/echo-in-the-shell-evo-tavern-2026/Library/PackageCache/com.unity.modules.unitywebrequestassetbundle@1.0.0)
    com.unity.modules.unitywebrequestaudio@1.0.0 (location: /Users/const/.codex/worktrees/1e89/echo-in-the-shell-evo-tavern-2026/Library/PackageCache/com.unity.modules.unitywebrequestaudio@1.0.0)
    com.unity.modules.unitywebrequesttexture@1.0.0 (location: /Users/const/.codex/worktrees/1e89/echo-in-the-shell-evo-tavern-2026/Library/PackageCache/com.unity.modules.unitywebrequesttexture@1.0.0)
    com.unity.modules.unitywebrequestwww@1.0.0 (location: /Users/const/.codex/worktrees/1e89/echo-in-the-shell-evo-tavern-2026/Library/PackageCache/com.unity.modules.unitywebrequestwww@1.0.0)
    com.unity.modules.vehicles@1.0.0 (location: /Users/const/.codex/worktrees/1e89/echo-in-the-shell-evo-tavern-2026/Library/PackageCache/com.unity.modules.vehicles@1.0.0)
    com.unity.modules.video@1.0.0 (location: /Users/const/.codex/worktrees/1e89/echo-in-the-shell-evo-tavern-2026/Library/PackageCache/com.unity.modules.video@1.0.0)
    com.unity.modules.vr@1.0.0 (location: /Users/const/.codex/worktrees/1e89/echo-in-the-shell-evo-tavern-2026/Library/PackageCache/com.unity.modules.vr@1.0.0)
    com.unity.modules.wind@1.0.0 (location: /Users/const/.codex/worktrees/1e89/echo-in-the-shell-evo-tavern-2026/Library/PackageCache/com.unity.modules.wind@1.0.0)
    com.unity.modules.xr@1.0.0 (location: /Users/const/.codex/worktrees/1e89/echo-in-the-shell-evo-tavern-2026/Library/PackageCache/com.unity.modules.xr@1.0.0)
    com.unity.modules.subsystems@1.0.0 (location: /Users/const/.codex/worktrees/1e89/echo-in-the-shell-evo-tavern-2026/Library/PackageCache/com.unity.modules.subsystems@1.0.0)
    com.unity.modules.uielementsnative@1.0.0 (location: /Users/const/.codex/worktrees/1e89/echo-in-the-shell-evo-tavern-2026/Library/PackageCache/com.unity.modules.uielementsnative@1.0.0)
    com.unity.render-pipelines.core@12.1.12 (location: /Users/const/.codex/worktrees/1e89/echo-in-the-shell-evo-tavern-2026/Library/PackageCache/com.unity.render-pipelines.core@12.1.12)
    com.unity.shadergraph@12.1.12 (location: /Users/const/.codex/worktrees/1e89/echo-in-the-shell-evo-tavern-2026/Library/PackageCache/com.unity.shadergraph@12.1.12)
    com.unity.2d.sprite@1.0.0 (location: /Users/const/.codex/worktrees/1e89/echo-in-the-shell-evo-tavern-2026/Library/PackageCache/com.unity.2d.sprite@1.0.0)
    com.unity.2d.ti[Subsystems] No new subsystems found in resolved package list.
Package Manager log level set to [2]
[Package Manager] Done registering packages in 0.15s seconds
Refreshing native plugins compatible for Editor in 12.05 ms, found 3 plugins.
Preloading 0 native plugins for Editor in 0.00 ms.
Initialize engine version: 2021.3.27f1c2 (3b3d9646cb47)
[Subsystems] Discovering subsystems at path /Applications/Unity/Hub/Editor/2021.3.27f1c2/Unity.app/Contents/Resources/UnitySubsystems
[Subsystems] Discovering subsystems at path /Users/const/.codex/worktrees/1e89/echo-in-the-shell-evo-tavern-2026/Assets
Forcing GfxDevice: Null
GfxDevice: creating device client; threaded=0; jobified=0
NullGfxDevice:
    Version:  NULL 1.0 [1.0]
    Renderer: Null Device
    Vendor:   Unity Technologies
[Licensing::Client] Successfully resolved entitlements
Initialize mono
Mono path[0] = '/Applications/Unity/Hub/Editor/2021.3.27f1c2/Unity.app/Contents/Managed'
Mono path[1] = '/Applications/Unity/Hub/Editor/2021.3.27f1c2/Unity.app/Contents/MonoBleedingEdge/lib/mono/unityjit-macos'
Mono config path = '/Applications/Unity/Hub/Editor/2021.3.27f1c2/Unity.app/Contents/MonoBleedingEdge/etc'
Using monoOptions --debugger-agent=transport=dt_socket,embedding=1,server=y,suspend=n,address=127.0.0.1:56369
Using cacheserver namespaces - metadata:defaultmetadata, artifacts:defaultartifacts
Using cacheserver namespaces - metadata:defaultmetadata, artifacts:defaultartifacts
ImportWorker Server TCP listen port: 0
AcceleratorClientConnectionCallback - disconnected - :0
Begin MonoManager ReloadAssembly
Registering precompiled unity dll's ...
Register platform support module: /Applications/Unity/Hub/Editor/2021.3.27f1c2/Unity.app/Contents/PlaybackEngines/MacStandaloneSupport/UnityEditor.OSXStandalone.Extensions.dll
Register platform support module: /Applications/Unity/Hub/Editor/2021.3.27f1c2/PlaybackEngines/WindowsStandaloneSupport/UnityEditor.WindowsStandalone.Extensions.dll
Registered in 0.001773 seconds.
Native extension for WindowsStandalone target not found
Native extension for OSXStandalone target not found
Refreshing native plugins compatible for Editor in 3.78 ms, found 3 plugins.
Preloading 0 native plugins for Editor in 0.00 ms.
Mono: successfully reloaded assembly
- Completed reload, in  0.413 seconds
Domain Reload Profiling:
	ReloadAssembly (414ms)
		BeginReloadAssembly (72ms)
			ExecutionOrderSort (0ms)
			DisableScriptedObjects (0ms)
			BackupInstance (0ms)
			ReleaseScriptingObjects (0ms)
			CreateAndSetChildDomain (1ms)
		EndReloadAssembly (272ms)
			LoadAssemblies (73ms)
			RebuildTransferFunctionScriptingTraits (0ms)
			SetupTypeCache (87ms)
			ReleaseScriptCaches (0ms)
			RebuildScriptCaches (25ms)
			SetupLoadedEditorAssemblies (126ms)
				LogAssemblyErrors (0ms)
				InitializePlatformSupportModulesInManaged (7ms)
				SetLoadedEditorAssemblies (0ms)
				RefreshPlugins (4ms)
				BeforeProcessingInitializeOnLoad (1ms)
				ProcessInitializeOnLoadAttributes (85ms)
				ProcessInitializeOnLoadMethodAttributes (28ms)
				AfterProcessingInitializeOnLoad (0ms)
				EditorAssembliesLoaded (0ms)
			ExecutionOrderSort2 (0ms)
			AwakeInstancesAfterBackupRestoration (0ms)
Platform modules already initialized, skipping
[Licensing::Client] Successfully resolved entitlements
Application.AssetDatabase Initial Refresh Start
Registering precompiled user dll's ...
Registered in 0.006244 seconds.
Start importing Assets/EchoFramework using Guid(6a1a2d3438ba46978767ad8eea5914e7) Importer(-1,00000000000000000000000000000000)  -> (artifact id: '19a5834d193a7193659b5881f6d40455') in 0.003845 seconds
Start importing Assets/EchoFramework/Tests using Guid(24065810c42c429a988a621d957ea2c8) Importer(-1,00000000000000000000000000000000)  -> (artifact id: 'f36aa3312e363a730c9ec686c8ff461c') in 0.000217 seconds
Start importing Assets/EchoFramework/UnityHost using Guid(64a9bc5345574297800ff33db82f9fb8) Importer(-1,00000000000000000000000000000000)  -> (artifact id: 'e3d8deec5fdd6845975d794ab452ce29') in 0.000124 seconds
Start importing Assets/EchoFramework/Gameplay using Guid(565f63423fae4f7594a3094de890802c) Importer(-1,00000000000000000000000000000000)  -> (artifact id: '3d1d6286d56bd5f4d68b6b62e9390546') in 0.000115 seconds
Start importing Assets/EchoFramework/Core using Guid(99230e93f3f14ddeb931803ea95c5363) Importer(-1,00000000000000000000000000000000)  -> (artifact id: '1ffbedb7800da7c3f62e33ff4aeb0022') in 0.000114 seconds
Start importing Assets/EchoFramework/Editor using Guid(5ec0820e877c4a60a54d4dea5b0a115a) Importer(-1,00000000000000000000000000000000)  -> (artifact id: 'b12faae47715bec89647e01442f089f5') in 0.000113 seconds
Start importing Assets/EchoFramework/Gameplay/Contracts using Guid(f56094dbdd314e00a69e7e2902c6a0b2) Importer(-1,00000000000000000000000000000000)  -> (artifact id: '69096c87b15e28bccc2c92606d3a59de') in 0.000109 seconds
Start importing Assets/EchoFramework/Editor/Contracts using Guid(76506ce34ccd4b8bbc137bcbd841bc75) Importer(-1,00000000000000000000000000000000)  -> (artifact id: 'dd24beb688afe018d5174a69300230fa') in 0.000113 seconds
Start importing Assets/EchoFramework/Tests/Contracts using Guid(d801193c08ee4baabecd3d26608927e3) Importer(-1,00000000000000000000000000000000)  -> (artifact id: '13fd44005772632036b728997d8a0f0c') in 0.000128 seconds
Start importing Assets/EchoFramework/Core/Contracts using Guid(3db24ac78f514de89ff17711b18b0510) Importer(-1,00000000000000000000000000000000)  -> (artifact id: '0b8f56a6673b72f2c4e7b9111db8ebb3') in 0.000106 seconds
Start importing Assets/EchoFramework/UnityHost/Echo.UnityHost.asmdef using Guid(c04316f06a4d4be4b95269a8b82cea9a) Importer(-1,00000000000000000000000000000000)  -> (artifact id: '6b33c89fdd9fe40c6a55e5b15923632d') in 0.000574 seconds
Start importing Assets/EchoFramework/Tests/Contracts/Echo.Contracts.Smoke.asmdef using Guid(41b38a3cab7642418f319644cbf8875e) Importer(-1,00000000000000000000000000000000)  -> (artifact id: 'cac7e4fb687b7ac3bf36d9ed7f2b3602') in 0.000375 seconds
Start importing Assets/EchoFramework/Gameplay/Echo.Gameplay.asmdef using Guid(12bb43cc4b794db78421c810ac26ec66) Importer(-1,00000000000000000000000000000000)  -> (artifact id: '4655762b59bbfd4465c40296a37284f4') in 0.000306 seconds
Start importing Assets/EchoFramework/Editor/Echo.Editor.asmdef using Guid(d524912687ae4f97b0982647c3829854) Importer(-1,00000000000000000000000000000000)  -> (artifact id: '4b507395bd09b7ba62bad72b3a606769') in 0.000375 seconds
Start importing Assets/EchoFramework/Core/Echo.Framework.Core.asmdef using Guid(19b2930da1a74ef7a557909c8ba6aded) Importer(-1,00000000000000000000000000000000)  -> (artifact id: '7ab3511a06f27b24195de7857f8e5e40') in 0.000405 seconds
Start importing Assets/EchoFramework/Core/Contracts/DescriptorJson.cs using Guid(1024ba7d081e456699db0c3616af6912) Importer(-1,00000000000000000000000000000000)  -> (artifact id: '5424d3ef216b58ef5071e5d85645a5bb') in 0.000492 seconds
Start importing Assets/EchoFramework/Core/Contracts/ReferenceContract.cs using Guid(20f682a99e7640738e61aa6b38d5eca5) Importer(-1,00000000000000000000000000000000)  -> (artifact id: '80c830e8a815839295d904e67a737569') in 0.000491 seconds
Start importing Assets/EchoFramework/Tests/Contracts/ContractSmoke.cs using Guid(7091efb9c7bd4bd9810aebc921b0f046) Importer(-1,00000000000000000000000000000000)  -> (artifact id: '17f749b0011154840b158db8ccd7e410') in 0.000699 seconds
Start importing Assets/EchoFramework/Core/Contracts/Runtime.cs using Guid(51158c10008a4d658d3e2d55741788e1) Importer(-1,00000000000000000000000000000000)  -> (artifact id: 'b6828dccbbd0dc0ee1e05d762da9a2be') in 0.000719 seconds
Start importing Assets/EchoFramework/Editor/Contracts/ContractSmokeEntry.cs using Guid(d165202082344625aabd3756b95804d7) Importer(-1,00000000000000000000000000000000)  -> (artifact id: '1a93524ea24935f352ee53eda067f505') in 0.000379 seconds
Start importing Assets/EchoFramework/Core/Contracts/Registration.cs using Guid(64689676b92c45b59ea268889098b747) Importer(-1,00000000000000000000000000000000)  -> (artifact id: '923a8145f0fff584bbb40f0d25ecff19') in 0.000368 seconds
Start importing Assets/EchoFramework/Core/Contracts/JsonContract.cs using Guid(1754b1355893415e8b3ea29ee3defff8) Importer(-1,00000000000000000000000000000000)  -> (artifact id: '9ea1e37eb5677dcfe7034299853539a3') in 0.000597 seconds
Start importing Assets/EchoFramework/Core/Contracts/EcaDefinitions.cs using Guid(3715d73514e145a3aae1575c0bcd7319) Importer(-1,00000000000000000000000000000000)  -> (artifact id: '6c62f6c4f66bdb3d7f9263553e1ca81c') in 0.000438 seconds
Start importing Assets/EchoFramework/Gameplay/Contracts/Host.cs using Guid(697eb242dded49aa9b8e50ccbbeeedb5) Importer(-1,00000000000000000000000000000000)  -> (artifact id: '5b69cfe613f1466cb05eabc177f1fc1c') in 0.000453 seconds
Start importing Assets/EchoFramework/Core/Contracts/SchemaCatalog.cs using Guid(1bc13c77a39c4fc0bccf9062ccc3d269) Importer(-1,00000000000000000000000000000000)  -> (artifact id: '463be67230c25462d597bac5efbc9284') in 0.000520 seconds
Start importing Assets/EchoFramework/Core/Contracts/Identity.cs using Guid(ebf4f789a6cf48299fa46c05c126bdde) Importer(-1,00000000000000000000000000000000)  -> (artifact id: 'cec6869cfdea45f04ca7da61f11f25bd') in 0.000461 seconds
Start importing Assets/EchoFramework/Core/Contracts/Content.cs using Guid(6e3db46a3a2c4a4da161117454068a7b) Importer(-1,00000000000000000000000000000000)  -> (artifact id: '7674783570eee1cdbfedf3442c332f57') in 0.000410 seconds
Start importing Assets/EchoFramework/Gameplay/Contracts/World.cs using Guid(9f05383adbeb4559b5657146b2929382) Importer(-1,00000000000000000000000000000000)  -> (artifact id: 'bc30d89c4645e4966083da6d98fbf089') in 0.000441 seconds
[ScriptCompilation] Requested script compilation because: Assembly Definition File(s) changed
[ScriptCompilation] Requested script compilation because: Assetdatabase observed changes in script compilation related files
Assembly for Assembly Definition File 'Assets/EchoFramework/UnityHost/Echo.UnityHost.asmdef' will not be compiled, because it has no scripts associated with it.
UnityEngine.StackTraceUtility:ExtractStackTrace () (at /Users/unity/sharedspace/ra_2021.3/Runtime/Export/Scripting/StackTrace.cs:37)
UnityEngine.DebugLogHandler:LogFormat (UnityEngine.LogType,UnityEngine.Object,string,object[])
UnityEngine.Logger:LogFormat (UnityEngine.LogType,string,object[])
UnityEngine.Debug:LogWarningFormat (string,object[])
UnityEditor.Scripting.ScriptCompilation.EditorCompilation:WarnIfThereAreAssembliesWithoutAnyScripts (UnityEditor.Scripting.ScriptCompilation.ScriptAssemblySettings,UnityEditor.Scripting.ScriptCompilation.ScriptAssembly[]) (at /Users/unity/sharedspace/ra_2021.3/Editor/Mono/Scripting/ScriptCompilation/EditorCompilation.cs:776)
UnityEditor.Scripting.ScriptCompilation.EditorCompilation:CompileScriptsWithSettings (UnityEditor.Scripting.ScriptCompilation.ScriptAssemblySettings) (at /Users/unity/sharedspace/ra_2021.3/Editor/Mono/Scripting/ScriptCompilation/EditorCompilation.cs:828)
UnityEditor.Scripting.ScriptCompilation.EditorCompilation:CompileScripts (UnityEditor.Scripting.ScriptCompilation.EditorScriptCompilationOptions,UnityEditor.BuildTargetGroup,UnityEditor.BuildTarget,int,string[]) (at /Users/unity/sharedspace/ra_2021.3/Editor/Mono/Scripting/ScriptCompilation/EditorCompilation.cs:693)
UnityEditor.Scripting.ScriptCompilation.EditorCompilationInterface/<>c__DisplayClass21_0:<CompileScripts>b__0 () (at /Users/unity/sharedspace/ra_2021.3/Editor/Mono/Scripting/ScriptCompilation/EditorCompilationInterface.cs:184)
UnityEditor.Scripting.ScriptCompilation.EditorCompilationInterface:EmitExceptionAsError<UnityEditor.Scripting.ScriptCompilation.EditorCompilation/CompileStatus> (System.Func`1<UnityEditor.Scripting.ScriptCompilation.EditorCompilation/CompileStatus>,UnityEditor.Scripting.ScriptCompilation.EditorCompilation/CompileStatus) (at /Users/unity/sharedspace/ra_2021.3/Editor/Mono/Scripting/ScriptCompilation/EditorCompilationInterface.cs:49)
UnityEditor.Scripting.ScriptCompilation.EditorCompilationInterface:CompileScripts (UnityEditor.Scripting.ScriptCompilation.EditorScriptCompilationOptions,UnityEditor.BuildTargetGroup,UnityEditor.BuildTarget,int,string[]) (at /Users/unity/sharedspace/ra_2021.3/Editor/Mono/Scripting/ScriptCompilation/EditorCompilationInterface.cs:184)

(Filename: /Users/unity/sharedspace/ra_2021.3/Editor/Mono/Scripting/ScriptCompilation/EditorCompilation.cs Line: 776)

Starting: /Applications/Unity/Hub/Editor/2021.3.27f1c2/Unity.app/Contents/bee_backend --profile="Library/Bee/backend_profiler0.traceevents" --stdin-canary --dagfile="Library/Bee/200b0aE.dag" --continue-on-failure ScriptAssemblies
WorkingDir: /Users/const/.codex/worktrees/1e89/echo-in-the-shell-evo-tavern-2026
ExitCode: 4 Duration: 0s58ms
Rebuilding DAG because FileSignature timestamp changed: Library/Bee/200b0aE-inputdata.json
*** Tundra requires additional run (0.03 seconds), 0 items updated, 0 evaluated
Starting: /Applications/Unity/Hub/Editor/2021.3.27f1c2/Unity.app/Contents/Tools/netcorerun/netcorerun "/Applications/Unity/Hub/Editor/2021.3.27f1c2/Unity.app/Contents/Tools/BuildPipeline/ScriptCompilationBuildProgram.exe" "Library/Bee/200b0aE.dag.json" "Library/Bee/200b0aE-inputdata.json" "Library/Bee/buildprogram0.traceevents"
WorkingDir: /Users/const/.codex/worktrees/1e89/echo-in-the-shell-evo-tavern-2026
ExitCode: 0 Duration: 0s887ms
Starting: /Applications/Unity/Hub/Editor/2021.3.27f1c2/Unity.app/Contents/bee_backend --profile="Library/Bee/backend_profiler1.traceevents" --stdin-canary --dagfile="Library/Bee/200b0aE.dag" --continue-on-failure --dagfilejson="Library/Bee/200b0aE.dag.json" ScriptAssemblies
WorkingDir: /Users/const/.codex/worktrees/1e89/echo-in-the-shell-evo-tavern-2026
ExitCode: 0 Duration: 3s313ms
Finished compiling graph: 728 nodes, 8673 flattened edges (8673 ToBuild, 0 ToUse), maximum node priority 461
[238/727    0s] WriteText Library/Bee/artifacts/200b0aE.dag/Echo.Framework.Core.rsp
[703/727    1s] Csc Library/Bee/artifacts/200b0aE.dag/Echo.Framework.Core.dll (+2 others)
[704/727    0s] ILPostProcess Library/Bee/artifacts/200b0aE.dag/post-processed/Echo.Framework.Core.dll (+pdb)
- Starting ILPostProcessorRunner
- Starting ILPostProcessor 'zzzUnity.Burst.CodeGen.BurstILPostProcessor' on Echo.Framework.Core.dll
- Finished ILPostProcessor 'zzzUnity.Burst.CodeGen.BurstILPostProcessor' on Echo.Framework.Core.dll in 0.000512 seconds
- Finished ILPostProcessorRunner in 0.101107 seconds
[705/727    0s] CopyFiles Library/ScriptAssemblies/Echo.Framework.Core.pdb
[706/727    0s] CopyFiles Library/ScriptAssemblies/Echo.Framework.Core.dll
[707/727    0s] Csc Library/Bee/artifacts/200b0aE.dag/Echo.Gameplay.dll (+2 others)
[708/727    0s] ILPostProcess Library/Bee/artifacts/200b0aE.dag/post-processed/Echo.Gameplay.dll (+pdb)
- Starting ILPostProcessorRunner
- Starting ILPostProcessor 'zzzUnity.Burst.CodeGen.BurstILPostProcessor' on Echo.Gameplay.dll
- Finished ILPostProcessor 'zzzUnity.Burst.CodeGen.BurstILPostProcessor' on Echo.Gameplay.dll in 0.000493 seconds
- Finished ILPostProcessorRunner in 0.098414 seconds
[709/727    0s] CopyFiles Library/ScriptAssemblies/Echo.Gameplay.pdb
[710/727    0s] CopyFiles Library/ScriptAssemblies/Echo.Gameplay.dll
[711/727    0s] Csc Library/Bee/artifacts/200b0aE.dag/Echo.Contracts.Smoke.dll (+2 others)
[712/727    0s] ILPostProcess Library/Bee/artifacts/200b0aE.dag/post-processed/Echo.Contracts.Smoke.dll (+pdb)
- Starting ILPostProcessorRunner
- Starting ILPostProcessor 'zzzUnity.Burst.CodeGen.BurstILPostProcessor' on Echo.Contracts.Smoke.dll
- Finished ILPostProcessor 'zzzUnity.Burst.CodeGen.BurstILPostProcessor' on Echo.Contracts.Smoke.dll in 0.000532 seconds
- Finished ILPostProcessorRunner in 0.098487 seconds
[713/727    0s] CopyFiles Library/ScriptAssemblies/Echo.Contracts.Smoke.pdb
[714/727    0s] CopyFiles Library/ScriptAssemblies/Echo.Contracts.Smoke.dll
[715/727    0s] Csc Library/Bee/artifacts/200b0aE.dag/Echo.Editor.dll (+2 others)
[716/727    0s] ILPostProcess Library/Bee/artifacts/200b0aE.dag/post-processed/Echo.Editor.dll (+pdb)
- Starting ILPostProcessorRunner
- Starting ILPostProcessor 'zzzUnity.Burst.CodeGen.BurstILPostProcessor' on Echo.Editor.dll
- Finished ILPostProcessor 'zzzUnity.Burst.CodeGen.BurstILPostProcessor' on Echo.Editor.dll in 0.00051 seconds
- Finished ILPostProcessorRunner in 0.097669 seconds
[717/727    0s] CopyFiles Library/ScriptAssemblies/Echo.Editor.dll
[718/727    0s] CopyFiles Library/ScriptAssemblies/Echo.Editor.pdb
[719/727    0s] Csc Library/Bee/artifacts/200b0aE.dag/Assembly-CSharp.dll (+2 others)
[720/727    0s] Csc Library/Bee/artifacts/200b0aE.dag/Assembly-CSharp-Editor.dll (+2 others)
[721/727    0s] ILPostProcess Library/Bee/artifacts/200b0aE.dag/post-processed/Assembly-CSharp.dll (+pdb)
- Starting ILPostProcessorRunner
- Starting ILPostProcessor 'zzzUnity.Burst.CodeGen.BurstILPostProcessor' on Assembly-CSharp.dll
- Finished ILPostProcessor 'zzzUnity.Burst.CodeGen.BurstILPostProcessor' on Assembly-CSharp.dll in 0.094896 seconds
- Finished ILPostProcessorRunner in 0.191934 seconds
[722/727    0s] CopyFiles Library/ScriptAssemblies/Assembly-CSharp.pdb
[723/727    0s] CopyFiles Library/ScriptAssemblies/Assembly-CSharp.dll
[724/727    0s] ILPostProcess Library/Bee/artifacts/200b0aE.dag/post-processed/Assembly-CSharp-Editor.dll (+pdb)
- Starting ILPostProcessorRunner
- Starting ILPostProcessor 'zzzUnity.Burst.CodeGen.BurstILPostProcessor' on Assembly-CSharp-Editor.dll
- Finished ILPostProcessor 'zzzUnity.Burst.CodeGen.BurstILPostProcessor' on Assembly-CSharp-Editor.dll in 0.08745 seconds
- Finished ILPostProcessorRunner in 0.183199 seconds
[725/727    0s] CopyFiles Library/ScriptAssemblies/Assembly-CSharp-Editor.pdb
[726/727    0s] CopyFiles Library/ScriptAssemblies/Assembly-CSharp-Editor.dll
*** Tundra build success (3.30 seconds), 25 items updated, 727 evaluated
AssetDatabase: script compilation time: 4.693675s
Begin MonoManager ReloadAssembly
Symbol file LoadedFromMemory doesn't match image /Users/const/.codex/worktrees/1e89/echo-in-the-shell-evo-tavern-2026/Library/PackageCache/com.unity.visualscripting@1.8.0/Editor/VisualScripting.Core/Dependencies/YamlDotNet/Unity.VisualScripting.YamlDotNet.dll
Symbol file LoadedFromMemory doesn't match image /Users/const/.codex/worktrees/1e89/echo-in-the-shell-evo-tavern-2026/Library/PackageCache/com.unity.visualscripting@1.8.0/Editor/VisualScripting.Core/Dependencies/DotNetZip/Unity.VisualScripting.IonicZip.dll
Symbol file LoadedFromMemory is not a mono symbol file
Native extension for WindowsStandalone target not found
Native extension for OSXStandalone target not found
Refreshing native plugins compatible for Editor in 101.52 ms, found 3 plugins.
Preloading 0 native plugins for Editor in 0.00 ms.
Mono: successfully reloaded assembly
- Completed reload, in  2.505 seconds
Domain Reload Profiling:
	ReloadAssembly (2506ms)
		BeginReloadAssembly (103ms)
			ExecutionOrderSort (0ms)
			DisableScriptedObjects (4ms)
			BackupInstance (0ms)
			ReleaseScriptingObjects (0ms)
			CreateAndSetChildDomain (22ms)
		EndReloadAssembly (2337ms)
			LoadAssemblies (90ms)
			RebuildTransferFunctionScriptingTraits (0ms)
			SetupTypeCache (237ms)
			ReleaseScriptCaches (5ms)
			RebuildScriptCaches (63ms)
			SetupLoadedEditorAssemblies (1873ms)
				LogAssemblyErrors (0ms)
				InitializePlatformSupportModulesInManaged (2ms)
				SetLoadedEditorAssemblies (0ms)
				RefreshPlugins (102ms)
				BeforeProcessingInitializeOnLoad (88ms)
				ProcessInitializeOnLoadAttributes (1625ms)
				ProcessInitializeOnLoadMethodAttributes (54ms)
				AfterProcessingInitializeOnLoad (1ms)
				EditorAssembliesLoaded (0ms)
			ExecutionOrderSort2 (0ms)
			AwakeInstancesAfterBackupRestoration (6ms)
Platform modules already initialized, skipping
Registering precompiled user dll's ...
Registered in 0.003216 seconds.
Refreshing native plugins compatible for Editor in 0.74 ms, found 3 plugins.
Preloading 0 native plugins for Editor in 0.00 ms.
Asset Pipeline Refresh: Total: 9.637 seconds - Initiated by InitialRefreshV2(ForceSynchronousImport)
	Summary:
		Imports: total=28 (actual=28, local cache=0, cache server=0)
		Asset DB Process Time: managed=1 ms, native=523 ms
		Asset DB Callback time: managed=206 ms, native=6 ms
		Scripting: domain reloads=1, domain reload time=2670 ms, compile time=4694 ms, other=1533 ms
		Project Asset Count: scripts=6640, non-scripts=2098
		Asset File Changes: new=28, changed=28, moved=0, deleted=0
		Scan Filter Count: 1
	InvokeBeforeRefreshCallbacks: 0.206ms
	ApplyChangesToAssetFolders: 0.040ms
	Scan: 163.419ms
	OnSourceAssetsModified: 1.104ms
	InitializeImportedAssetsSnapshot: 6.500ms
	GetAllGuidsForCategorization: 0.606ms
	CategorizeAssets: 213.176ms
	ImportOutOfDateAssets: 8999.047ms (4284.246ms without children)
		ImportManagerImport: 18.387ms (1.869ms without children)
			ImportInProcess: 16.352ms
			UpdateCategorizedAssets: 0.165ms
		CompileScripts: 4694.392ms
		ReloadImportedAssets: 0.006ms
		EnsureUptoDateAssetsAreRegisteredWithGuidPM: 1.164ms
		InitializingProgressBar: 0.007ms
		PostProcessAllAssetNotificationsAddChangedAssets: 0.627ms
		OnDemandSchedulerStart: 0.218ms
	ReloadSourceAssets: 0.583ms
	UnloadImportedAssets: 26.661ms
	PostProcessAllAssets: 209.631ms
	Hotreload: 1.716ms
	GatherAllCurrentPrimaryArtifactRevisions: 0.004ms
	UnloadStreamsBegin: 0.259ms
	LoadedImportedAssetsSnapshotReleaseGCHandles: 2.244ms
	GetLoadedSourceAssetsIDs: 0.030ms
	GetLoadedSourceAssetsSnapshot: 0.846ms
	PersistCurrentRevisions: 0.476ms
	UnloadStreamsEnd: 0.014ms
	GenerateScriptTypeHashes: 2.084ms
	Untracked: 220.017ms
Application.AssetDatabase Initial Refresh End
Scanning for USB devices : 0.321ms
Initializing Unity extensions:
[MODES] ModeService[none].Initialize
[MODES] ModeService[none].LoadModes
[MODES] Loading mode Default (0) for mode-current-id-survivor-project
ProgressiveSceneManager::Cancel()
Unloading 269 Unused Serialized files (Serialized files now loaded: 0)
Unloading 316 unused Assets / (4.9 MB). Loaded Objects now: 6011.
Memory consumption went from 140.0 MB to 135.1 MB.
Total: 5.928708 ms (FindLiveObjects: 0.236750 ms CreateObjectMapping: 0.107417 ms MarkObjects: 3.656625 ms  DeleteObjects: 1.927500 ms)

ECHO_CONTRACT_SMOKE exit=0 report=/Users/const/.codex/worktrees/1e89/echo-in-the-shell-evo-tavern-2026/Docs/Framework/Contracts/Evidence/unity-report.json
UnityEngine.StackTraceUtility:ExtractStackTrace () (at /Users/unity/sharedspace/ra_2021.3/Runtime/Export/Scripting/StackTrace.cs:37)
UnityEngine.DebugLogHandler:LogFormat (UnityEngine.LogType,UnityEngine.Object,string,object[])
UnityEngine.Logger:Log (UnityEngine.LogType,object)
UnityEngine.Debug:Log (object)
Echo.Editor.Contracts.ContractSmokeEntry:Run () (at Assets/EchoFramework/Editor/Contracts/ContractSmokeEntry.cs:23)

(Filename: Assets/EchoFramework/Editor/Contracts/ContractSmokeEntry.cs Line: 23)

Thread 0x16bb87000 may have been prematurely finalized
[Licensing::IpcConnector] License Notification channel disconnected successfully.
[Licensing::IpcConnector] License Client channel disconnected successfully.
AcceleratorClientConnectionCallback - disconnected - :0
Cleanup mono
debugger-agent: Unable to listen on 50
[Performance] Application.InitializeProject                                                                                        :        1 samples, Peak.  11.7 s (1.0x), Avg.  11.7 s, Total. 11.71 s (69.1%)
[Performance] Application.PackageManager.StartServer                                                                               :        1 samples, Peak.  2.87 ms (1.0x), Avg.  2.87 ms, Total. 2.870 ms (0.0%)
[Performance] Application.AcquireProjectLock                                                                                       :        1 samples, Peak.  3.16 ms (1.0x), Avg.  3.16 ms, Total. 3.162 ms (0.0%)
[Performance] Application.InitializeEngineNoGraphics                                                                               :        1 samples, Peak.  85.4 ms (1.0x), Avg.  85.4 ms, Total. 85.45 ms (0.5%)
[Performance] Application.PackageManager.Initialize                                                                                :        1 samples, Peak.   770 ms (1.0x), Avg.   770 ms, Total. 770.2 ms (4.5%)
[Performance] CurlRequestCheck                                                                                                     :       15 samples, Peak.  28.5 us (2.1x), Avg.  13.6 us, Total. 204.2 us (0.0%)
[Performance] Application.EngineGraphics.Initialize                                                                                :        1 samples, Peak.  22.0 ms (1.0x), Avg.  22.0 ms, Total. 22.03 ms (0.1%)
[Performance] Application.GI.Initialize                                                                                            :        1 samples, Peak.   401 us (1.0x), Avg.   401 us, Total. 401.4 us (0.0%)
[Performance] Application.LoadAllDefaultResourcesFromEditor                                                                        :        1 samples, Peak.  1.06 ms (1.0x), Avg.  1.06 ms, Total. 1.059 ms (0.0%)
[Performance] Application.LoadMonoAssemblies                                                                                       :        1 samples, Peak.   416 ms (1.0x), Avg.   416 ms, Total. 415.6 ms (2.5%)
[Performance] RestoreManagedReferences                                                                                             :        2 samples, Peak.  27.3 ms (2.0x), Avg.  13.6 ms, Total. 27.29 ms (0.2%)
[Performance] InitializeOnLoad LayerSettingsWindow                                                                                 :        2 samples, Peak.   129 us (1.0x), Avg.   129 us, Total. 257.7 us (0.0%)
[Performance] InitializeOnLoad ParameterControllerEditor                                                                           :        2 samples, Peak.  13.5 us (1.0x), Avg.  12.9 us, Total. 25.83 us (0.0%)
[Performance] InitializeOnLoad ServicesRepository                                                                                  :        2 samples, Peak.   534 us (1.2x), Avg.   459 us, Total. 918.5 us (0.0%)
[Performance] InitializeOnLoad PurchasingService                                                                                   :        2 samples, Peak.  5.55 ms (1.8x), Avg.  3.11 ms, Total. 6.222 ms (0.0%)
[Performance] InitializeOnLoad BuildService                                                                                        :        2 samples, Peak.   117 us (1.1x), Avg.   106 us, Total. 212.5 us (0.0%)
[Performance] InitializeOnLoad CloudBuildPoller                                                                                    :        2 samples, Peak.  72.5 us (1.1x), Avg.  64.8 us, Total. 129.6 us (0.0%)
[Performance] InitializeOnLoad CrashService                                                                                        :        2 samples, Peak.  98.1 us (1.1x), Avg.  92.0 us, Total. 183.9 us (0.0%)
[Performance] InitializeOnLoad UDPService                                                                                          :        2 samples, Peak.  94.1 us (1.1x), Avg.  86.9 us, Total. 173.9 us (0.0%)
[Performance] InitializeOnLoad AnalyticsService                                                                                    :        2 samples, Peak.  90.7 us (1.1x), Avg.  85.0 us, Total. 170.0 us (0.0%)
[Performance] InitializeOnLoad AdsService                                                                                          :        2 samples, Peak.   247 us (1.0x), Avg.   239 us, Total. 478.7 us (0.0%)
[Performance] InitializeOnLoad UIDocumentHierarchyWatcher                                                                          :        2 samples, Peak.   484 us (1.6x), Avg.   304 us, Total. 607.4 us (0.0%)
[Performance] InitializeOnLoad RetainedMode                                                                                        :        2 samples, Peak.  1.38 ms (1.1x), Avg.  1.28 ms, Total. 2.550 ms (0.0%)
[Performance] InitializeOnLoad EditorShaderLoader                                                                                  :        2 samples, Peak.  1.91 ms (1.6x), Avg.  1.23 ms, Total. 2.457 ms (0.0%)
[Performance] InitializeOnLoad UXMLEditorFactories                                                                                 :        2 samples, Peak.  37.6 ms (1.0x), Avg.  36.9 ms, Total. 73.85 ms (0.4%)
[Performance] InitializeOnLoad EditorMonitor                                                                                       :        2 samples, Peak.   146 us (1.1x), Avg.   136 us, Total. 271.9 us (0.0%)
[Performance] InitializeOnLoad SearchMonitor                                                                                       :        2 samples, Peak.  17.1 ms (1.5x), Avg.  11.2 ms, Total. 22.39 ms (0.1%)
[Performance] InitializeOnLoad PlayModeDownload                                                                                    :        2 samples, Peak.  1.36 ms (1.9x), Avg.   725 us, Total. 1.450 ms (0.0%)
[Performance] InitializeOnLoad SearchWindow                                                                                        :        2 samples, Peak.  67.7 us (1.0x), Avg.  65.6 us, Total. 131.2 us (0.0%)
[Performance] InitializeOnLoad EditMode                                                                                            :        2 samples, Peak.   250 us (1.3x), Avg.   196 us, Total. 391.5 us (0.0%)
[Performance] InitializeOnLoad DrivenRectTransformUndo                                                                             :        2 samples, Peak.   220 us (1.2x), Avg.   177 us, Total. 353.9 us (0.0%)
[Performance] InitializeOnLoad AssetStoreContext                                                                                   :        2 samples, Peak.  3.09 ms (1.7x), Avg.  1.78 ms, Total. 3.566 ms (0.0%)
[Performance] InitializeOnLoad SettingsService                                                                                     :        2 samples, Peak.  11.5 us (1.2x), Avg.  9.54 us, Total. 19.08 us (0.0%)
[Performance] InitializeOnLoad PrefabInstanceChangedListener                                                                       :        2 samples, Peak.   163 us (1.6x), Avg.  98.8 us, Total. 197.6 us (0.0%)
[Performance] InitializeOnLoad CacheServerWindow                                                                                   :        2 samples, Peak.  15.3 us (1.4x), Avg.  11.2 us, Total. 22.42 us (0.0%)
[Performance] InitializeOnLoad WindowLayout                                                                                        :        2 samples, Peak.  11.1 ms (2.0x), Avg.  5.67 ms, Total. 11.33 ms (0.1%)
[Performance] InitializeOnLoad ManagedDebuggerWindow                                                                               :        2 samples, Peak.   600 us (1.6x), Avg.   384 us, Total. 768.7 us (0.0%)
[Performance] InitializeOnLoad NativeFormatImporterUtility                                                                         :        2 samples, Peak.  1.37 ms (1.0x), Avg.  1.33 ms, Total. 2.653 ms (0.0%)
[Performance] InitializeOnLoad UISystemProfilerRenderService                                                                       :        2 samples, Peak.  5.04 us (1.0x), Avg.  4.96 us, Total. 9.917 us (0.0%)
[Performance] InitializeOnLoad ShortcutIntegration                                                                                 :        2 samples, Peak.  45.7 us (1.0x), Avg.  44.4 us, Total. 88.79 us (0.0%)
[Performance] InitializeOnLoad MenuItems                                                                                           :        2 samples, Peak.   252 us (1.6x), Avg.   153 us, Total. 306.7 us (0.0%)
[Performance] InitializeOnLoad MixerEffectDefinitionReloader                                                                       :        2 samples, Peak.  2.08 ms (1.3x), Avg.  1.63 ms, Total. 3.253 ms (0.0%)
[Performance] InitializeOnLoad AddComponentWindow                                                                                  :        2 samples, Peak.   116 us (1.2x), Avg.  96.2 us, Total. 192.4 us (0.0%)
[Performance] InitializeOnLoad UnityConnect                                                                                        :        2 samples, Peak.   128 us (1.6x), Avg.  80.8 us, Total. 161.6 us (0.0%)
[Performance] InitializeOnLoad SceneSearch                                                                                         :        2 samples, Peak.  43.2 us (1.2x), Avg.  34.6 us, Total. 69.21 us (0.0%)
[Performance] InitializeOnLoad ProjectSearch                                                                                       :        2 samples, Peak.  28.3 us (1.1x), Avg.  24.8 us, Total. 49.62 us (0.0%)
[Performance] InitializeOnLoad ObjectSelectorSearch                                                                                :        2 samples, Peak.  23.7 us (1.0x), Avg.  22.9 us, Total. 45.75 us (0.0%)
[Performance] InitializeOnLoad SearchService                                                                                       :        2 samples, Peak.  94.4 us (1.2x), Avg.  79.8 us, Total. 159.7 us (0.0%)
[Performance] InitializeOnLoad CloudBuild                                                                                          :        2 samples, Peak.  2.12 us (1.1x), Avg.  1.94 us, Total. 3.875 us (0.0%)
[Performance] InitializeOnLoad ManagedDebugger                                                                                     :        2 samples, Peak.   625 ns (1.3x), Avg.   500 ns, Total. 1.000 us (0.0%)
[Performance] InitializeOnLoad EditorDragAndDrop.RegisterEditorClient                                                              :        2 samples, Peak.   755 us (1.4x), Avg.   522 us, Total. 1.043 ms (0.0%)
[Performance] InitializeOnLoad LiveReloadTrackerCreator.Initialize                                                                 :        2 samples, Peak.   219 us (1.3x), Avg.   172 us, Total. 343.9 us (0.0%)
[Performance] InitializeOnLoad EditorDelegateRegistration.Initialize                                                               :        2 samples, Peak.   444 us (1.2x), Avg.   356 us, Total. 712.4 us (0.0%)
[Performance] InitializeOnLoad PackageManagerHookGUIDConverter.RegisterPackagesEventHandler                                        :        2 samples, Peak.   364 us (1.7x), Avg.   218 us, Total. 436.2 us (0.0%)
[Performance] InitializeOnLoad RuntimeEditorDelegateRegistration.Initialize                                                        :        2 samples, Peak.   391 us (1.5x), Avg.   259 us, Total. 518.1 us (0.0%)
[Performance] InitializeOnLoad EditorEventCallbacks.InitializeFontAssetResourceChangeCallBacks                                     :        2 samples, Peak.  1.08 ms (1.2x), Avg.   894 us, Total. 1.788 ms (0.0%)
[Performance] InitializeOnLoad SceneTemplateService.Init                                                                           :        2 samples, Peak.   347 us (1.3x), Avg.   268 us, Total. 537.0 us (0.0%)
[Performance] InitializeOnLoad PackageManagerWindow.EditorInitializedInSafeMode                                                    :        2 samples, Peak.  17.9 ms (2.0x), Avg.  9.00 ms, Total. 18.00 ms (0.1%)
[Performance] InitializeOnLoad ScopedRegistryAddedPopup.SubscribeToRegistriesAdded                                                 :        2 samples, Peak.  7.06 ms (2.0x), Avg.  3.55 ms, Total. 7.107 ms (0.0%)
[Performance] InitializeOnLoad EntitlementsErrorChecker.OpenFirstEntitlementError                                                  :        2 samples, Peak.   233 us (1.3x), Avg.   177 us, Total. 354.7 us (0.0%)
[Performance] InitializeOnLoad DiagnosticSwitchesConsoleMessage.Init                                                               :        2 samples, Peak.  2.34 ms (1.7x), Avg.  1.39 ms, Total. 2.771 ms (0.0%)
[Performance] InitializeOnLoad SysrootManager.Initialize                                                                           :        2 samples, Peak.   444 us (1.2x), Avg.   376 us, Total. 751.8 us (0.0%)
[Performance] InitializeOnLoad AssetPostprocessingInternal.RefreshCustomDependencies                                               :        2 samples, Peak.  1.64 ms (1.4x), Avg.  1.15 ms, Total. 2.293 ms (0.0%)
[Performance] InitializeOnLoad EditorWindow.Initialize                                                                             :        2 samples, Peak.   245 us (1.3x), Avg.   183 us, Total. 365.1 us (0.0%)
[Performance] InitializeOnLoad SceneVisibilityManager.Initialize                                                                   :        2 samples, Peak.  2.97 ms (1.6x), Avg.  1.84 ms, Total. 3.677 ms (0.0%)
[Performance] InitializeOnLoad MemoryProfilerCompilationGuard.InjectCompileGuard                                                   :        2 samples, Peak.   107 us (1.4x), Avg.  76.5 us, Total. 152.9 us (0.0%)
[Performance] ProcessService.EditorAfterLoadAllAssemblies                                                                          :        2 samples, Peak.   347 us (1.1x), Avg.   310 us, Total. 620.3 us (0.0%)
[Performance] Application.ReadLicenseInfo                                                                                          :        1 samples, Peak.  11.6 ms (1.0x), Avg.  11.6 ms, Total. 11.60 ms (0.1%)
[Performance] Application.InitialRefresh                                                                                           :        1 samples, Peak.  9.64 s (1.0x), Avg.  9.64 s, Total. 9.638 s (56.9%)
[Performance] ShaderImporter.SourceAssetModified                                                                                   :        2 samples, Peak.   916 ns (1.1x), Avg.   833 ns, Total. 1.666 us (0.0%)
[Performance] ShaderIncludeImporter.SourceAssetModified                                                                            :        2 samples, Peak.  2.08 us (1.1x), Avg.  1.98 us, Total. 3.959 us (0.0%)
[Performance] PresetManagerPostProcessor.OnPreprocessAsset                                                                         :       28 samples, Peak.   240 us (17.9x), Avg.  13.4 us, Total. 375.2 us (0.0%)
[Performance] CancelSplashScreenOnAssetChange.OnPreprocessAsset                                                                    :       28 samples, Peak.  92.1 us (20.3x), Avg.  4.53 us, Total. 126.8 us (0.0%)
[Performance] Compiling Scripts                                                                                                    :        1 samples, Peak.  4.69 s (1.0x), Avg.  4.69 s, Total. 4.694 s (27.7%)
[Performance] InitializeOnLoad ProbeGIBaking                                                                                       :        1 samples, Peak.   326 us (1.0x), Avg.   326 us, Total. 325.8 us (0.0%)
[Performance] InitializeOnLoad FilterWindow                                                                                        :        1 samples, Peak.  23.5 us (1.0x), Avg.  23.5 us, Total. 23.54 us (0.0%)
[Performance] InitializeOnLoad RealtimeProbeSubdivisionDebug                                                                       :        1 samples, Peak.   115 us (1.0x), Avg.   115 us, Total. 114.6 us (0.0%)
[Performance] InitializeOnLoad SceneDragAndDrop                                                                                    :        1 samples, Peak.  1.34 ms (1.0x), Avg.  1.34 ms, Total. 1.343 ms (0.0%)
[Performance] InitializeOnLoad SpriteShapeUnityAnalyticsStorage                                                                    :        1 samples, Peak.  22.3 us (1.0x), Avg.  22.3 us, Total. 22.33 us (0.0%)
[Performance] InitializeOnLoad SpriteShapeUpdateCache                                                                              :        1 samples, Peak.   744 us (1.0x), Avg.   744 us, Total. 744.0 us (0.0%)
[Performance] InitializeOnLoad ShaderGraphMaterialsUpdater                                                                         :        2 samples, Peak.   235 us (1.6x), Avg.   148 us, Total. 296.1 us (0.0%)
[Performance] InitializeOnLoad EditorToolManager                                                                                   :        2 samples, Peak.   235 us (1.0x), Avg.   229 us, Total. 457.5 us (0.0%)
[Performance] InitializeOnLoad Renderer2DAnalytics                                                                                 :        1 samples, Peak.  39.5 us (1.0x), Avg.  39.5 us, Total. 39.54 us (0.0%)
[Performance] InitializeOnLoad BurstLoader                                                                                         :        1 samples, Peak.  1.29 s (1.0x), Avg.  1.29 s, Total. 1.287 s (7.6%)
[Performance] InitializeOnLoad SetupWindowService                                                                                  :        1 samples, Peak.   227 us (1.0x), Avg.   227 us, Total. 226.8 us (0.0%)
[Performance] InitializeOnLoad EditorStateCache                                                                                    :        1 samples, Peak.  96.2 ms (1.0x), Avg.  96.2 ms, Total. 96.18 ms (0.6%)
[Performance] InitializeOnLoad HttpAutoStartHandler                                                                                :        1 samples, Peak.   117 us (1.0x), Avg.   117 us, Total. 117.3 us (0.0%)
[Performance] InitializeOnLoad HttpBridgeReloadHandler                                                                             :        1 samples, Peak.   281 us (1.0x), Avg.   281 us, Total. 280.6 us (0.0%)
[Performance] InitializeOnLoad McpEditorShutdownCleanup                                                                            :        1 samples, Peak.   559 us (1.0x), Avg.   559 us, Total. 559.3 us (0.0%)
[Performance] InitializeOnLoad StartupConfigRewrite                                                                                :        1 samples, Peak.  90.6 us (1.0x), Avg.  90.6 us, Total. 90.63 us (0.0%)
[Performance] InitializeOnLoad StdioBridgeReloadHandler                                                                            :        1 samples, Peak.   111 us (1.0x), Avg.   111 us, Total. 110.6 us (0.0%)
[Performance] InitializeOnLoad TestRunnerNoThrottle                                                                                :        1 samples, Peak.  2.70 ms (1.0x), Avg.  2.70 ms, Total. 2.696 ms (0.0%)
[Performance] InitializeOnLoad PlayModeOptionsGuard                                                                                :        1 samples, Peak.   267 us (1.0x), Avg.   267 us, Total. 267.4 us (0.0%)
[Performance] InitializeOnLoad TransportCommandDispatcher                                                                          :        1 samples, Peak.  4.96 ms (1.0x), Avg.  4.96 ms, Total. 4.958 ms (0.0%)
[Performance] InitializeOnLoad StdioBridgeHost                                                                                     :        1 samples, Peak.   532 us (1.0x), Avg.   532 us, Total. 532.5 us (0.0%)
[Performance] InitializeOnLoad AssetGenJobManager                                                                                  :        1 samples, Peak.   558 us (1.0x), Avg.   558 us, Total. 557.7 us (0.0%)
[Performance] InitializeOnLoad LegacyServerSrcMigration                                                                            :        1 samples, Peak.  49.7 us (1.0x), Avg.  49.7 us, Total. 49.67 us (0.0%)
[Performance] InitializeOnLoad StdIoVersionMigration                                                                               :        1 samples, Peak.  34.0 us (1.0x), Avg.  34.0 us, Total. 34.04 us (0.0%)
[Performance] InitializeOnLoad ProjectIdentityUtility                                                                              :        1 samples, Peak.  97.1 us (1.0x), Avg.  97.1 us, Total. 97.12 us (0.0%)
[Performance] InitializeOnLoad PlasticPlugin                                                                                       :        1 samples, Peak.   124 ms (1.0x), Avg.   124 ms, Total. 124.2 ms (0.7%)
[Performance] InitializeOnLoad Analytics                                                                                           :        1 samples, Peak.   715 us (1.0x), Avg.   715 us, Total. 714.6 us (0.0%)
[Performance] InitializeOnLoad SpriteEditorWindow                                                                                  :        1 samples, Peak.   757 us (1.0x), Avg.   757 us, Total. 757.3 us (0.0%)
[Performance] InitializeOnLoad VSUsageUtility                                                                                      :        1 samples, Peak.  31.4 ms (1.0x), Avg.  31.4 ms, Total. 31.40 ms (0.2%)
[Performance] InitializeOnLoad VisualStudioEditor                                                                                  :        1 samples, Peak.  6.58 ms (1.0x), Avg.  6.58 ms, Total. 6.584 ms (0.0%)
[Performance] InitializeOnLoad VisualStudioIntegration                                                                             :        1 samples, Peak.   348 us (1.0x), Avg.   348 us, Total. 348.2 us (0.0%)
[Performance] InitializeOnLoad TestRunnerApiListener                                                                               :        1 samples, Peak.  75.0 us (1.0x), Avg.  75.0 us, Total. 74.96 us (0.0%)
[Performance] InitializeOnLoad ShadowCasterGroup2DManager                                                                          :        1 samples, Peak.   101 us (1.0x), Avg.   101 us, Total. 101.3 us (0.0%)
[Performance] InitializeOnLoad UnityAnalyticsStorage                                                                               :        1 samples, Peak.   497 us (1.0x), Avg.   497 us, Total. 496.8 us (0.0%)
[Performance] InitializeOnLoad BoneGizmoInitializer                                                                                :        1 samples, Peak.  2.68 ms (1.0x), Avg.  2.68 ms, Total. 2.684 ms (0.0%)
[Performance] InitializeOnLoad ToolbarBootstrap                                                                                    :        1 samples, Peak.   262 us (1.0x), Avg.   262 us, Total. 262.0 us (0.0%)
[Performance] InitializeOnLoad NodeClassCache                                                                                      :        1 samples, Peak.  3.79 us (1.0x), Avg.  3.79 us, Total. 3.792 us (0.0%)
[Performance] InitializeOnLoad RiderScriptEditor                                                                                   :        1 samples, Peak.  2.29 ms (1.0x), Avg.  2.29 ms, Total. 2.291 ms (0.0%)
[Performance] InitializeOnLoad CallbackInitializer                                                                                 :        1 samples, Peak.   671 us (1.0x), Avg.   671 us, Total. 670.5 us (0.0%)
[Performance] InitializeOnLoad PrefabLayoutRebuilder                                                                               :        1 samples, Peak.   176 us (1.0x), Avg.   176 us, Total. 175.5 us (0.0%)
[Performance] InitializeOnLoad RerunCallbackInitializer                                                                            :        1 samples, Peak.   319 us (1.0x), Avg.   319 us, Total. 318.9 us (0.0%)
[Performance] InitializeOnLoad UnityTestProtocolStarter                                                                            :        1 samples, Peak.  92.9 us (1.0x), Avg.  92.9 us, Total. 92.87 us (0.0%)
[Performance] InitializeOnLoad TestStarter                                                                                         :        1 samples, Peak.   410 us (1.0x), Avg.   410 us, Total. 410.0 us (0.0%)
[Performance] InitializeOnLoad BackgroundWatcher                                                                                   :        1 samples, Peak.  38.4 us (1.0x), Avg.  38.4 us, Total. 38.38 us (0.0%)
[Performance] InitializeOnLoad VSCodeScriptEditor                                                                                  :        1 samples, Peak.  1.36 ms (1.0x), Avg.  1.36 ms, Total. 1.358 ms (0.0%)
[Performance] InitializeOnLoad ContextualMenuDispatcher.RegisterAdditionalDataMenus                                                :        1 samples, Peak.  3.37 ms (1.0x), Avg.  3.37 ms, Total. 3.374 ms (0.0%)
[Performance] Menu.FilterMenuItem                                                                                                  :      687 samples, Peak.  49.9 ms (395.0x), Avg.   126 us, Total. 86.71 ms (0.5%)
[Performance] InitializeOnLoad CoreRenderPipelinePreferences.InitPreferenceProviders                                               :        1 samples, Peak.  9.58 ms (1.0x), Avg.  9.58 ms, Total. 9.579 ms (0.1%)
[Performance] InitializeOnLoad VolumeGizmoDrawer.InitVolumeGizmoCallbacks                                                          :        1 samples, Peak.   214 us (1.0x), Avg.   214 us, Total. 214.3 us (0.0%)
[Performance] InitializeOnLoad $BurstDirectCallInitializer.Initialize                                                              :        3 samples, Peak.  5.04 ms (1.7x), Avg.  3.04 ms, Total. 9.123 ms (0.1%)
[Performance] InitializeOnLoad MaterialReimporter.RegisterUpgraderReimport                                                         :        2 samples, Peak.   220 us (1.8x), Avg.   124 us, Total. 248.4 us (0.0%)
[Performance] InitializeOnLoad ExecuteCode.OnDomainReload                                                                          :        1 samples, Peak.   494 us (1.0x), Avg.   494 us, Total. 494.2 us (0.0%)
[Performance] InitializeOnLoad UnityReflect.OnLoad                                                                                 :        1 samples, Peak.   361 us (1.0x), Avg.   361 us, Total. 361.2 us (0.0%)
[Performance] InitializeOnLoad GetMenuItems.BuildCache                                                                             :        1 samples, Peak.  6.37 ms (1.0x), Avg.  6.37 ms, Total. 6.370 ms (0.0%)
[Performance] InitializeOnLoad McpLogRecord.RefreshFromPrefs                                                                       :        1 samples, Peak.   170 us (1.0x), Avg.   170 us, Total. 170.0 us (0.0%)
[Performance] InitializeOnLoad SceneViewGridManager.Initialize                                                                     :        1 samples, Peak.  3.67 ms (1.0x), Avg.  3.67 ms, Total. 3.667 ms (0.0%)
[Performance] InitializeOnLoad SceneViewOpenTilePaletteHelper.Initialize                                                           :        1 samples, Peak.   939 us (1.0x), Avg.   939 us, Total. 939.0 us (0.0%)
[Performance] InitializeOnLoad TileDragAndDropManager.Initialize                                                                   :        1 samples, Peak.   539 us (1.0x), Avg.   539 us, Total. 539.1 us (0.0%)
[Performance] InitializeOnLoad TilemapPrefabStageHelper.Initialize                                                                 :        1 samples, Peak.   578 us (1.0x), Avg.   578 us, Total. 577.7 us (0.0%)
[Performance] InitializeOnLoad IKEditorManager.CreateInstance                                                                      :        1 samples, Peak.  2.18 ms (1.0x), Avg.  2.18 ms, Total. 2.180 ms (0.0%)
[Performance] InitializeOnLoad TestJobDataHolder.ResumeRunningJobs                                                                 :        1 samples, Peak.   757 us (1.0x), Avg.   757 us, Total. 757.3 us (0.0%)
[Performance] InitializeOnLoad AnalyticsReporter.RegisterCallbacks                                                                 :        1 samples, Peak.   176 us (1.0x), Avg.   176 us, Total. 175.6 us (0.0%)
[Performance] DidReloadScriptsDebugWindow.OnEditorReload                                                                           :        1 samples, Peak.  3.52 ms (1.0x), Avg.  3.52 ms, Total. 3.521 ms (0.0%)
[Performance] DidReloadScriptsVolumeComponentEditor.OnEditorReload                                                                 :        1 samples, Peak.  47.0 ms (1.0x), Avg.  47.0 ms, Total. 46.95 ms (0.3%)
[Performance] DidReloadScriptsLookDev.OnEditorReload                                                                               :        1 samples, Peak.   175 us (1.0x), Avg.   175 us, Total. 174.9 us (0.0%)
[Performance] DidReloadScriptsTestListCache.ScriptReloaded                                                                         :        1 samples, Peak.   908 us (1.0x), Avg.   908 us, Total. 907.9 us (0.0%)
[Performance] DidReloadScriptsTestRunnerWindow.CompilationCallback                                                                 :        1 samples, Peak.   216 us (1.0x), Avg.   216 us, Total. 215.9 us (0.0%)
[Performance] DidReloadScriptsAdvancedDropdownWindow.OnScriptReload                                                                :        1 samples, Peak.   185 us (1.0x), Avg.   185 us, Total. 185.1 us (0.0%)
[Performance] AssemblyReloadEvents.afterAssemblyReload: callback in MCPForUnity.Editor.Services.EditorStateCache                   :        1 samples, Peak.   596 us (1.0x), Avg.   596 us, Total. 595.8 us (0.0%)
[Performance] AssemblyReloadEvents.afterAssemblyReload: MCPForUnity.Editor.Services.HttpBridgeReloadHandler.OnAfterAssemblyReload  :        1 samples, Peak.   125 us (1.0x), Avg.   125 us, Total. 125.3 us (0.0%)
[Performance] AssemblyReloadEvents.afterAssemblyReload: MCPForUnity.Editor.Services.StdioBridgeReloadHandler.OnAfterAssemblyReload :        1 samples, Peak.   387 us (1.0x), Avg.   387 us, Total. 386.7 us (0.0%)
[Performance] AssemblyReloadEvents.afterAssemblyReload: UnityEditor.U2D.Animation.BoneGizmo.OnAfterAssemblyReload                  :        1 samples, Peak.   674 us (1.0x), Avg.   674 us, Total. 674.2 us (0.0%)
[Performance] AssemblyReloadEvents.afterAssemblyReload: MCPForUnity.Editor.Tools.UnityReflect.InvalidateCache                      :        1 samples, Peak.   347 us (1.0x), Avg.   347 us, Total. 347.2 us (0.0%)
[Performance] AssetDatabase.ImportAssets                                                                                           :        3 samples, Peak.   417 ns (1.8x), Avg.   236 ns, Total. 709.0 ns (0.0%)
[Performance] VersionControl.Task.Wait                                                                                             :        1 samples, Peak.  7.21 us (1.0x), Avg.  7.21 us, Total. 7.208 us (0.0%)
[Performance] TMPro_TexturePostProcessor.OnPostprocessAllAssets                                                                    :        2 samples, Peak.   639 us (1.1x), Avg.   560 us, Total. 1.120 ms (0.0%)
[Performance] AssetPostprocessor.OnPostprocessAllAssets                                                                            :        2 samples, Peak.   164 us (1.0x), Avg.   162 us, Total. 323.7 us (0.0%)
[Performance] BuilderAssetPostprocessor.OnPostprocessAllAssets                                                                     :        2 samples, Peak.  4.70 ms (1.0x), Avg.  4.70 ms, Total. 9.393 ms (0.1%)
[Performance] ArtifactBrowserPostProcessor.OnPostprocessAllAssets                                                                  :        2 samples, Peak.  1.01 ms (1.4x), Avg.   706 us, Total. 1.412 ms (0.0%)
[Performance] AssetEvents.OnPostprocessAllAssets                                                                                   :        4 samples, Peak.   189 us (1.7x), Avg.   111 us, Total. 445.6 us (0.0%)
[Performance] AudioMixerPostprocessor.OnPostprocessAllAssets                                                                       :        2 samples, Peak.   312 us (1.0x), Avg.   311 us, Total. 622.3 us (0.0%)
[Performance] StyleCatalogPostProcessor.OnPostprocessAllAssets                                                                     :        2 samples, Peak.  87.4 ms (1.0x), Avg.  87.4 ms, Total. 174.9 ms (1.0%)
[Performance] BuildCatalog                                                                                                         :        1 samples, Peak.  86.4 ms (1.0x), Avg.  86.4 ms, Total. 86.38 ms (0.5%)
[Performance] ModelImporterPostProcessor.OnPostprocessAllAssets                                                                    :        2 samples, Peak.  4.29 ms (1.0x), Avg.  4.28 ms, Total. 8.564 ms (0.1%)
[Performance] MaterialPostprocessor.OnPostprocessAllAssets                                                                         :        4 samples, Peak.   700 us (1.1x), Avg.   632 us, Total. 2.528 ms (0.0%)
[Performance] RetainedModeAssetPostprocessor.OnPostprocessAllAssets                                                                :        2 samples, Peak.  1.31 ms (1.0x), Avg.  1.31 ms, Total. 2.615 ms (0.0%)
[Performance] AssetChangedListener.OnPostprocessAllAssets                                                                          :        2 samples, Peak.  5.50 ms (1.0x), Avg.  5.50 ms, Total. 11.00 ms (0.1%)
[Performance] PostProcessor.OnPostprocessAllAssets                                                                                 :        2 samples, Peak.   384 us (1.0x), Avg.   382 us, Total. 763.9 us (0.0%)
[Performance] ShaderGraphAssetPostProcessor.OnPostprocessAllAssets                                                                 :        2 samples, Peak.  1.63 ms (1.0x), Avg.  1.63 ms, Total. 3.255 ms (0.0%)
[Performance] SpeedTreePostProcessor.OnPostprocessAllAssets                                                                        :        2 samples, Peak.   231 us (1.0x), Avg.   229 us, Total. 458.7 us (0.0%)
[Performance] TextAssetPostProcessor.OnPostprocessAllAssets                                                                        :        2 samples, Peak.   327 us (1.0x), Avg.   326 us, Total. 651.8 us (0.0%)
[Performance] AssetProcessor.OnPostprocessAllAssets                                                                                :        6 samples, Peak.  1.55 ms (1.5x), Avg.  1.03 ms, Total. 6.161 ms (0.0%)
[Performance] PSDImportPostProcessor.OnPostprocessAllAssets                                                                        :        2 samples, Peak.   268 us (1.2x), Avg.   229 us, Total. 457.0 us (0.0%)
[Performance] SpriteEditorTexturePostprocessor.OnPostprocessAllAssets                                                              :        2 samples, Peak.   205 us (1.0x), Avg.   204 us, Total. 408.7 us (0.0%)
[Performance] SpriteShapeAssetPostProcessor.OnPostprocessAllAssets                                                                 :        2 samples, Peak.   294 us (1.0x), Avg.   292 us, Total. 584.3 us (0.0%)
[Performance] UIDocumentAssetPostProcessor.OnPostprocessAllAssets                                                                  :        2 samples, Peak.   462 us (1.0x), Avg.   461 us, Total. 922.0 us (0.0%)
[Performance] SyncVS.PostprocessSyncProject                                                                                        :        1 samples, Peak.  60.4 us (1.0x), Avg.  60.4 us, Total. 60.38 us (0.0%)
[Performance] EditorApplication.projectChanged: MCPForUnity.Editor.Helpers.ProjectIdentityUtility.ScheduleCacheRefresh             :        1 samples, Peak.  3.88 us (1.0x), Avg.  3.88 us, Total. 3.875 us (0.0%)
[Performance] EditorApplication.projectChanged: UnityEditor.Audio.MixerEffectDefinitionReloader.OnProjectChanged                   :        1 samples, Peak.   308 us (1.0x), Avg.   308 us, Total. 308.0 us (0.0%)
[Performance] Application.ImportPackagesAndSetTemplateWhenCreatingProject                                                          :        1 samples, Peak.  11.8 ms (1.0x), Avg.  11.8 ms, Total. 11.82 ms (0.1%)
[Performance] Application.SyncCurrentColorSpace                                                                                    :        1 samples, Peak.  8.12 ms (1.0x), Avg.  8.12 ms, Total. 8.122 ms (0.0%)
[Performance] Application.OnUsbDevicesChanged                                                                                      :        1 samples, Peak.   354 us (1.0x), Avg.   354 us, Total. 353.7 us (0.0%)
[Performance] Application.AssetInstanceCacheUpdate                                                                                 :        1 samples, Peak.  83.0 ns (1.0x), Avg.  83.0 ns, Total. 83.00 ns (0.0%)
[Performance] Application.UnityExtensions.Initialize                                                                               :        1 samples, Peak.   808 us (1.0x), Avg.   808 us, Total. 807.6 us (0.0%)
[Performance] Application.InitializeManagedCompilationPipeline                                                                     :        1 samples, Peak.   238 ms (1.0x), Avg.   238 ms, Total. 237.8 ms (1.4%)
[Performance] Application.ExecuteStartups                                                                                          :        1 samples, Peak.  35.5 ms (1.0x), Avg.  35.5 ms, Total. 35.54 ms (0.2%)
[Performance] Menu.RegisterMenuInterface                                                                                           :       26 samples, Peak.  1.92 us (8.0x), Avg.   240 ns, Total. 6.250 us (0.0%)
[Performance] Gizmo.RebuildRenderers                                                                                               :        1 samples, Peak.  34.9 ms (1.0x), Avg.  34.9 ms, Total. 34.86 ms (0.2%)
[Performance] Gizmo.AddGizmoRenderers                                                                                              :       98 samples, Peak.  1.10 ms (40.8x), Avg.  27.0 us, Total. 2.642 ms (0.0%)
[Performance] Application.editorInitializingProject                                                                                :        1 samples, Peak.  15.0 us (1.0x), Avg.  15.0 us, Total. 14.96 us (0.0%)
[Performance] Application.InitializeMenu                                                                                           :        1 samples, Peak.   136 ms (1.0x), Avg.   136 ms, Total. 135.8 ms (0.8%)
[Performance] Menu.RebuildAll                                                                                                      :        1 samples, Peak.   136 ms (1.0x), Avg.   136 ms, Total. 135.7 ms (0.8%)
[Performance] Menu.BuildRegisteredMenuInterfaces                                                                                   :        1 samples, Peak.   135 ms (1.0x), Avg.   135 ms, Total. 135.3 ms (0.8%)
[Performance] UpdateAllMenus                                                                                                       :        1 samples, Peak.   436 us (1.0x), Avg.   436 us, Total. 435.8 us (0.0%)
[Performance] EditorSceneManager.sceneClosing: UnityEditor.SceneVisibilityManager.EditorSceneManagerOnSceneClosing                 :        1 samples, Peak.   175 us (1.0x), Avg.   175 us, Total. 175.0 us (0.0%)
[Performance] EditorSceneManager.sceneClosed: callback in UnityEditor.Search.SearchMonitor                                         :        1 samples, Peak.  42.9 us (1.0x), Avg.  42.9 us, Total. 42.88 us (0.0%)
[Performance] EditorSceneManager.activeSceneChangedInEditMode: callback in UnityEditor.Search.SearchMonitor                        :        1 samples, Peak.  14.4 us (1.0x), Avg.  14.4 us, Total. 14.42 us (0.0%)
[Performance] GUIView.RepaintAll.PlayerLoopController                                                                              :        1 samples, Peak.   417 ns (1.0x), Avg.   417 ns, Total. 417.0 ns (0.0%)
[Performance] EditorSceneManager.newSceneCreated: UnityEditor.SceneVisibilityManager.EditorSceneManagerOnNewSceneCreated           :        1 samples, Peak.   180 us (1.0x), Avg.   180 us, Total. 179.7 us (0.0%)
[Performance] EditorSceneManager.newSceneCreated: UnityEditor.SceneManagement.StageNavigationManager.OnNewSceneCreated             :        1 samples, Peak.  39.7 us (1.0x), Avg.  39.7 us, Total. 39.71 us (0.0%)
[Performance] Application.InvokeFinishedLoadingProject                                                                             :        1 samples, Peak.  9.30 ms (1.0x), Avg.  9.30 ms, Total. 9.296 ms (0.1%)
[Performance] ProcessService.OnProjectLoaded                                                                                       :        1 samples, Peak.  66.2 us (1.0x), Avg.  66.2 us, Total. 66.21 us (0.0%)
[Performance] Application.Shutdown.SaveDefaultWindowPreferences                                                                    :        1 samples, Peak.  94.2 us (1.0x), Avg.  94.2 us, Total. 94.25 us (0.0%)
[Performance] Application.Shutdown.SaveSceneManagerSetup                                                                           :        1 samples, Peak.   218 us (1.0x), Avg.   218 us, Total. 218.2 us (0.0%)
[Performance] Application.Shutdown.CleanupAllContainerWindows                                                                      :        1 samples, Peak.   458 ns (1.0x), Avg.   458 ns, Total. 458.0 ns (0.0%)
[Performance] EditorApplication.quitting: Unity.Burst.Editor.BurstLoader.OnEditorApplicationQuitting                               :        1 samples, Peak.  17.7 us (1.0x), Avg.  17.7 us, Total. 17.75 us (0.0%)
[Performance] EditorApplication.quitting: MCPForUnity.Editor.Services.McpEditorShutdownCleanup.OnEditorQuitting                    :        1 samples, Peak.   232 us (1.0x), Avg.   232 us, Total. 231.7 us (0.0%)
[Performance] EditorApplication.quitting: MCPForUnity.Editor.Services.StdioBridgeReloadHandler.CancelRetries                       :        1 samples, Peak.  32.5 us (1.0x), Avg.  32.5 us, Total. 32.46 us (0.0%)
[Performance] EditorApplication.quitting: UnityEditor.Search.SearchMonitor.OnQuitting                                              :        1 samples, Peak.   768 us (1.0x), Avg.   768 us, Total. 768.0 us (0.0%)
[Performance] EditorApplication.quitting: UnityEditor.Tilemaps.SceneViewGridManager.EditorQuitting                                 :        1 samples, Peak.  61.4 us (1.0x), Avg.  61.4 us, Total. 61.42 us (0.0%)
[Performance] EditorApplication.quitting: callback in UnityEditor.TextCore.Text.EditorEventCallbacks                               :        1 samples, Peak.  82.4 ms (1.0x), Avg.  82.4 ms, Total. 82.40 ms (0.5%)
[Performance] Application.Shutdown.PauseProfilerSession                                                                            :        1 samples, Peak.  40.2 us (1.0x), Avg.  40.2 us, Total. 40.21 us (0.0%)
[Performance] Application.Shutdown.PauseAssetImportWorkers                                                                         :        1 samples, Peak.   122 us (1.0x), Avg.   122 us, Total. 121.9 us (0.0%)
[Performance] Application.Shutdown.SaveAssets                                                                                      :        1 samples, Peak.  17.1 ms (1.0x), Avg.  17.1 ms, Total. 17.14 ms (0.1%)
[Performance] AssetModificationProcessor.OnWillSaveAssets                                                                          :        1 samples, Peak.   276 us (1.0x), Avg.   276 us, Total. 276.0 us (0.0%)
[Performance] PaletteAssetModificationProcessor.OnWillSaveAssets                                                                   :        1 samples, Peak.   193 us (1.0x), Avg.   193 us, Total. 192.6 us (0.0%)
[Performance] FlowMacroSavedEvent.OnWillSaveAssets                                                                                 :        1 samples, Peak.   117 us (1.0x), Avg.   117 us, Total. 116.9 us (0.0%)
[Performance] StateMacroSavedEvent.OnWillSaveAssets                                                                                :        1 samples, Peak.   246 us (1.0x), Avg.   246 us, Total. 246.4 us (0.0%)
[Performance] BuilderAssetModificationProcessor.OnWillSaveAssets                                                                   :        1 samples, Peak.  5.65 ms (1.0x), Avg.  5.65 ms, Total. 5.646 ms (0.0%)
[Performance] TerrainModificationProcessor.OnWillSaveAssets                                                                        :        1 samples, Peak.  1.18 ms (1.0x), Avg.  1.18 ms, Total. 1.178 ms (0.0%)
[Performance] Application.Shutdown.CleanupRenderPipeline                                                                           :        1 samples, Peak.  2.63 us (1.0x), Avg.  2.63 us, Total. 2.625 us (0.0%)
[Performance] Application.Shutdown.StopPreloadManager                                                                              :        1 samples, Peak.  87.1 ms (1.0x), Avg.  87.1 ms, Total. 87.06 ms (0.5%)
[Performance] Application.Shutdown.DestroyWorld                                                                                    :        1 samples, Peak.   344 us (1.0x), Avg.   344 us, Total. 344.2 us (0.0%)
[Performance] Application.Shutdown.CleanupAfterLoad                                                                                :        1 samples, Peak.   125 ms (1.0x), Avg.   125 ms, Total. 124.5 ms (0.7%)
[Performance] Application.Shutdown.Progress                                                                                        :        1 samples, Peak.  8.38 us (1.0x), Avg.  8.38 us, Total. 8.375 us (0.0%)
[Performance] Application.Shutdown.GICleanupManagers                                                                               :        1 samples, Peak.   454 us (1.0x), Avg.   454 us, Total. 454.4 us (0.0%)
[Performance] Application.Shutdown.MenuCleanupClass                                                                                :        1 samples, Peak.   129 us (1.0x), Avg.   129 us, Total. 128.6 us (0.0%)
[Performance] Application.Shutdown.ADBSaveStateBeforeShutdown                                                                      :        1 samples, Peak.  8.54 us (1.0x), Avg.  8.54 us, Total. 8.542 us (0.0%)
[Performance] Application.Shutdown.RemoteShutdown                                                                                  :        1 samples, Peak.   791 ns (1.0x), Avg.   791 ns, Total. 791.0 ns (0.0%)
[Performance] Application.Shutdown.CleanupVCProvider                                                                               :        1 samples, Peak.  4.83 us (1.0x), Avg.  4.83 us, Total. 4.833 us (0.0%)
[Performance] Application.Shutdown.InputShutdown                                                                                   :        1 samples, Peak.  12.0 us (1.0x), Avg.  12.0 us, Total. 12.04 us (0.0%)
[Performance] Application.Shutdown.GizmoManagerDestroy                                                                             :        1 samples, Peak.   464 us (1.0x), Avg.   464 us, Total. 463.5 us (0.0%)
[Performance] Application.Shutdown.ProfilerSession                                                                                 :        1 samples, Peak.   128 us (1.0x), Avg.   128 us, Total. 128.0 us (0.0%)
[Performance] Application.Shutdown.ReleaseGfxWindowOnAllGUIViews                                                                   :        1 samples, Peak.   417 ns (1.0x), Avg.   417 ns, Total. 417.0 ns (0.0%)
[Performance] Application.Shutdown.CleanupEngine                                                                                   :        1 samples, Peak.  91.6 ms (1.0x), Avg.  91.6 ms, Total. 91.59 ms (0.5%)
[Performance] Application.Shutdown.CleanupAssetDatabase                                                                            :        1 samples, Peak.  2.54 ms (1.0x), Avg.  2.54 ms, Total. 2.545 ms (0.0%)
[Performance] Application.Shutdown.ScriptCompilationCleanUp                                                                        :        1 samples, Peak.  19.4 us (1.0x), Avg.  19.4 us, Total. 19.38 us (0.0%)
[Performance] Application.Shutdown.DestroyJobSystem                                                                                :        1 samples, Peak.  14.4 us (1.0x), Avg.  14.4 us, Total. 14.37 us (0.0%)
[Performance] Application.Shutdown.CleanupPersistentManager                                                                        :        1 samples, Peak.  1.61 ms (1.0x), Avg.  1.61 ms, Total. 1.608 ms (0.0%)
[Performance] Application.Shutdown.CleanupAsyncReadManager                                                                         :        1 samples, Peak.   296 us (1.0x), Avg.   296 us, Total. 296.0 us (0.0%)
[Performance] Application.Shutdown.CleanupMono                                                                                     :        1 samples, Peak.  1.09 s (1.0x), Avg.  1.09 s, Total. 1.093 s (6.4%)
[Performance] Application.Shutdown.CleanupStdConverters                                                                            :        1 samples, Peak.  6.62 us (1.0x), Avg.  6.62 us, Total. 6.625 us (0.0%)
[Performance] Application.Shutdown.UnloadAllPlatformSupportModuleNativeDlls                                                        :        1 samples, Peak.   333 ns (1.0x), Avg.   333 ns, Total. 333.0 ns (0.0%)
[Performance] Application.Shutdown.UnloadAllPlatformSupportNativeLibraries                                                         :        1 samples, Peak.   166 ns (1.0x), Avg.   166 ns, Total. 166.0 ns (0.0%)
[Performance] Application.Shutdown.CleanupAutoDocumentation                                                                        :        1 samples, Peak.   628 us (1.0x), Avg.   628 us, Total. 627.5 us (0.0%)
[Performance] Application.Shutdown.ShaderNameManagerDestroy                                                                        :        1 samples, Peak.  30.3 us (1.0x), Avg.  30.3 us, Total. 30.33 us (0.0%)
[Performance] Application.Shutdown.CleanupCacheServer                                                                              :        1 samples, Peak.   167 ns (1.0x), Avg.   167 ns, Total. 167.0 ns (0.0%)
[Performance] Application.Shutdown.Virtualization_Shutdown                                                                         :        1 samples, Peak.   333 ns (1.0x), Avg.   333 ns, Total. 333.0 ns (0.0%)
[Performance] Application.Shutdown.DevConnections                                                                                  :        1 samples, Peak.  70.9 us (1.0x), Avg.  70.9 us, Total. 70.88 us (0.0%)
[Package Manager] Server::Kill -- Server was shutdown
Checking for leaked weakptr:
  Found no leaked weakptrs.
Memory Statistics:
[ALLOC_TEMP_TLS] TLS Allocator
  StackAllocators :
    [ALLOC_TEMP_CurlRequest]
      Initial Block Size 64.0 KB
      Current Block Size 64.0 KB
      Peak Allocated Bytes 0 B
      Overflow Count 0
    [ALLOC_TEMP_AUDIO_Audio Mixer Thread]
      Initial Block Size 64.0 KB
      Current Block Size 64.0 KB
      Peak Allocated Bytes 0 B
      Overflow Count 0
    [ALLOC_TEMP_MAIN]
      Peak usage frame count: [16.0 MB-32.0 MB]: 1 frames
      Initial Block Size 16.0 MB
      Current Block Size 19.1 MB
      Peak Allocated Bytes 16.2 MB
      Overflow Count 0
    [ALLOC_TEMP_Background Job.Worker 8]
      Initial Block Size 32.0 KB
      Current Block Size 32.0 KB
      Peak Allocated Bytes 0 B
      Overflow Count 0
    [ALLOC_TEMP_Job.Worker 4]
      Initial Block Size 256.0 KB
      Current Block Size 256.0 KB
      Peak Allocated Bytes 5.4 KB
      Overflow Count 1
    [ALLOC_TEMP_AssetDatabase.FileHasherReader] x 4
      Initial Block Size 64.0 KB
      Current Block Size 64.0 KB
      Peak Allocated Bytes 126 B
      Overflow Count 0
    [ALLOC_TEMP_BakingJobs.Worker 5]
      Initial Block Size 256.0 KB
      Current Block Size 256.0 KB
      Peak Allocated Bytes 0 B
      Overflow Count 0
    [ALLOC_TEMP_Background Job.Worker 11]
      Initial Block Size 32.0 KB
      Current Block Size 32.0 KB
      Peak Allocated Bytes 0 B
      Overflow Count 0
    [ALLOC_TEMP_Background Job.Worker 3]
      Initial Block Size 32.0 KB
      Current Block Size 32.0 KB
      Peak Allocated Bytes 0 B
      Overflow Count 0
    [ALLOC_TEMP_BatchDeleteObjects]
      Initial Block Size 64.0 KB
      Current Block Size 64.0 KB
      Peak Allocated Bytes 0 B
      Overflow Count 0
    [ALLOC_TEMP_CoreBusinessMetricsCache]
      Initial Block Size 64.0 KB
      Current Block Size 64.0 KB
      Peak Allocated Bytes 7.9 KB
      Overflow Count 0
    [ALLOC_TEMP_REST Message Handler]
      Initial Block Size 64.0 KB
      Current Block Size 64.0 KB
      Peak Allocated Bytes 0 B
      Overflow Count 0
    [ALLOC_TEMP_AssetDatabase.IOService]
      Initial Block Size 64.0 KB
      Current Block Size 64.0 KB
      Peak Allocated Bytes 0 B
      Overflow Count 0
    [ALLOC_TEMP_Background Job.Worker 2]
      Initial Block Size 32.0 KB
      Current Block Size 32.0 KB
      Peak Allocated Bytes 0 B
      Overflow Count 0
    [ALLOC_TEMP_Loading.PreloadManager]
      Initial Block Size 32.0 MB
      Current Block Size 32.0 MB
      Peak Allocated Bytes 0 B
      Overflow Count 0
    [ALLOC_TEMP_Profiler.Dispatcher]
      Initial Block Size 64.0 KB
      Current Block Size 64.0 KB
      Peak Allocated Bytes 0 B
      Overflow Count 0
    [ALLOC_TEMP_Job.Worker 3]
      Initial Block Size 256.0 KB
      Current Block Size 256.0 KB
      Peak Allocated Bytes 5.4 KB
      Overflow Count 1
    [ALLOC_TEMP_BakingJobs.Worker 7]
      Initial Block Size 256.0 KB
      Current Block Size 256.0 KB
      Peak Allocated Bytes 0 B
      Overflow Count 0
    [ALLOC_TEMP_Background Job.Worker 5]
      Initial Block Size 32.0 KB
      Current Block Size 32.0 KB
      Peak Allocated Bytes 0 B
      Overflow Count 0
    [ALLOC_TEMP_CurlRequest]
      Initial Block Size 64.0 KB
      Current Block Size 64.0 KB
      Peak Allocated Bytes 257 B
      Overflow Count 0
    [ALLOC_TEMP_Background Job.Worker 13]
      Initial Block Size 32.0 KB
      Current Block Size 32.0 KB
      Peak Allocated Bytes 0 B
      Overflow Count 0
    [ALLOC_TEMP_Job.Worker 2]
      Initial Block Size 256.0 KB
      Current Block Size 256.0 KB
      Peak Allocated Bytes 5.4 KB
      Overflow Count 1
    [ALLOC_TEMP_BakingJobs.Worker 6]
      Initial Block Size 256.0 KB
      Current Block Size 256.0 KB
      Peak Allocated Bytes 0 B
      Overflow Count 0
    [ALLOC_TEMP_Job.Worker 6]
      Initial Block Size 256.0 KB
      Current Block Size 1.6 MB
      Peak Allocated Bytes 1.6 MB
      Overflow Count 0
    [ALLOC_TEMP_Job.Worker 0]
      Initial Block Size 256.0 KB
      Current Block Size 1.6 MB
      Peak Allocated Bytes 1.6 MB
      Overflow Count 0
    [ALLOC_TEMP_Job.Worker 5]
      Initial Block Size 256.0 KB
      Current Block Size 256.0 KB
      Peak Allocated Bytes 5.4 KB
      Overflow Count 0
    [ALLOC_TEMP_Background Job.Worker 9]
      Initial Block Size 32.0 KB
      Current Block Size 32.0 KB
      Peak Allocated Bytes 0 B
      Overflow Count 0
    [ALLOC_TEMP_BakingJobs.Worker 8]
      Initial Block Size 256.0 KB
      Current Block Size 256.0 KB
      Peak Allocated Bytes 0 B
      Overflow Count 0
    [ALLOC_TEMP_BakingJobs.Worker 1]
      Initial Block Size 256.0 KB
      Current Block Size 256.0 KB
      Peak Allocated Bytes 0 B
      Overflow Count 0
    [ALLOC_TEMP_Loading.AsyncRead]
      Initial Block Size 64.0 KB
      Current Block Size 64.0 KB
      Peak Allocated Bytes 128 B
      Overflow Count 0
    [ALLOC_TEMP_Background Job.Worker 10]
      Initial Block Size 32.0 KB
      Current Block Size 32.0 KB
      Peak Allocated Bytes 0 B
      Overflow Count 0
    [ALLOC_TEMP_Background Job.Worker 6]
      Initial Block Size 32.0 KB
      Current Block Size 32.0 KB
      Peak Allocated Bytes 0 B
      Overflow Count 0
    [ALLOC_TEMP_BakingJobs.Worker 9]
      Initial Block Size 256.0 KB
      Current Block Size 256.0 KB
      Peak Allocated Bytes 0 B
      Overflow Count 0
    [ALLOC_TEMP_Background Job.Worker 1]
      Initial Block Size 32.0 KB
      Current Block Size 32.0 KB
      Peak Allocated Bytes 0 B
      Overflow Count 0
    [ALLOC_TEMP_AUDIO_FMOD stream thread]
      Initial Block Size 64.0 KB
      Current Block Size 64.0 KB
      Peak Allocated Bytes 0 B
      Overflow Count 0
    [ALLOC_TEMP_AssetDatabase.FileHasherHasher] x 4
      Initial Block Size 64.0 KB
      Current Block Size 64.0 KB
      Peak Allocated Bytes 0.5 KB
      Overflow Count 0
    [ALLOC_TEMP_BakingJobs.Worker 2]
      Initial Block Size 256.0 KB
      Current Block Size 256.0 KB
      Peak Allocated Bytes 0 B
      Overflow Count 0
    [ALLOC_TEMP_Background Job.Worker 7]
      Initial Block Size 32.0 KB
      Current Block Size 32.0 KB
      Peak Allocated Bytes 0 B
      Overflow Count 0
    [ALLOC_TEMP_Job.Worker 8]
      Initial Block Size 256.0 KB
      Current Block Size 256.0 KB
      Peak Allocated Bytes 5.4 KB
      Overflow Count 1
    [ALLOC_TEMP_Job.Worker 1]
      Initial Block Size 256.0 KB
      Current Block Size 256.0 KB
      Peak Allocated Bytes 5.4 KB
      Overflow Count 0
    [ALLOC_TEMP_BakingJobs.Worker 0]
      Initial Block Size 256.0 KB
      Current Block Size 256.0 KB
      Peak Allocated Bytes 0 B
      Overflow Count 0
    [ALLOC_TEMP_BakingJobs.Worker 3]
      Initial Block Size 256.0 KB
      Current Block Size 256.0 KB
      Peak Allocated Bytes 0 B
      Overflow Count 0
    [ALLOC_TEMP_Background Job.Worker 15]
      Initial Block Size 32.0 KB
      Current Block Size 32.0 KB
      Peak Allocated Bytes 0 B
      Overflow Count 0
    [ALLOC_TEMP_BakingJobs.Worker 4]
      Initial Block Size 256.0 KB
      Current Block Size 256.0 KB
      Peak Allocated Bytes 0 B
      Overflow Count 0
    [ALLOC_TEMP_Background Job.Worker 12]
      Initial Block Size 32.0 KB
      Current Block Size 32.0 KB
      Peak Allocated Bytes 0 B
      Overflow Count 0
    [ALLOC_TEMP_HTTP REST Server]
      Initial Block Size 64.0 KB
      Current Block Size 64.0 KB
      Peak Allocated Bytes 132 B
      Overflow Count 0
    [ALLOC_TEMP_AssetGarbageCollectorHelper] x 9
      Initial Block Size 64.0 KB
      Current Block Size 64.0 KB
      Peak Allocated Bytes 0 B
      Overflow Count 0
    [ALLOC_TEMP_Background Job.Worker 0]
      Initial Block Size 32.0 KB
      Current Block Size 192.0 KB
      Peak Allocated Bytes 121.2 KB
      Overflow Count 0
    [ALLOC_TEMP_Background Job.Worker 4]
      Initial Block Size 32.0 KB
      Current Block Size 32.0 KB
      Peak Allocated Bytes 0 B
      Overflow Count 0
    [ALLOC_TEMP_Background Job.Worker 14]
      Initial Block Size 32.0 KB
      Current Block Size 32.0 KB
      Peak Allocated Bytes 0 B
      Overflow Count 0
    [ALLOC_TEMP_Job.Worker 7]
      Initial Block Size 256.0 KB
      Current Block Size 1.6 MB
      Peak Allocated Bytes 1.6 MB
      Overflow Count 0
[ALLOC_MEMORYPROFILER]
  Peak usage frame count: [0.5 MB-1.0 MB]: 1 frames
  Requested Block Size 1.0 MB
  Peak Block count 2
  Peak Allocated memory 1.0 MB
  Peak Large allocation bytes 0 B
[ALLOC_DEFAULT] Dual Thread Allocator
  Peak main deferred allocation count 107
    [ALLOC_BUCKET]
      Large Block size 32.0 MB
      Used Block count 1
      Peak Allocated bytes 7.9 MB
    [ALLOC_DEFAULT_MAIN]
      Peak usage frame count: [64.0 MB-128.0 MB]: 1 frames
      Requested Block Size 16.0 MB
      Peak Block count 7
      Peak Allocated memory 95.4 MB
      Peak Large allocation bytes 0 B
    [ALLOC_DEFAULT_THREAD]
      Peak usage frame count: [4.0 MB-8.0 MB]: 1 frames
      Requested Block Size 16.0 MB
      Peak Block count 1
      Peak Allocated memory 7.2 MB
      Peak Large allocation bytes 0 B
[ALLOC_TEMP_JOB_1_FRAME]
  Initial Block Size 2.0 MB
  Used Block Count 1
  Overflow Count (too large) 0
  Overflow Count (full) 0
[ALLOC_TEMP_JOB_2_FRAMES]
  Initial Block Size 2.0 MB
  Used Block Count 1
  Overflow Count (too large) 0
  Overflow Count (full) 0
[ALLOC_TEMP_JOB_4_FRAMES (JobTemp)]
  Initial Block Size 2.0 MB
  Used Block Count 32
  Overflow Count (too large) 0
  Overflow Count (full) 0
[ALLOC_TEMP_JOB_ASYNC (Background)]
  Initial Block Size 1.0 MB
  Used Block Count 5
  Overflow Count (too large) 0
  Overflow Count (full) 0
[ALLOC_GFX] Dual Thread Allocator
  Peak main deferred allocation count 0
    [ALLOC_BUCKET]
      Large Block size 32.0 MB
      Used Block count 1
      Peak Allocated bytes 7.9 MB
    [ALLOC_GFX_MAIN]
      Peak usage frame count: [8.0 MB-16.0 MB]: 1 frames
      Requested Block Size 16.0 MB
      Peak Block count 1
      Peak Allocated memory 9.8 MB
      Peak Large allocation bytes 0 B
    [ALLOC_GFX_THREAD]
      Peak usage frame count: [0-1.0 KB]: 1 frames
      Requested Block Size 16.0 MB
      Peak Block count 1
      Peak Allocated memory 0.5 KB
      Peak Large allocation bytes 0 B
[ALLOC_CACHEOBJECTS] Dual Thread Allocator
  Peak main deferred allocation count 2076
    [ALLOC_BUCKET]
      Large Block size 32.0 MB
      Used Block count 1
      Peak Allocated bytes 7.9 MB
    [ALLOC_CACHEOBJECTS_MAIN]
      Peak usage frame count: [64.0 MB-128.0 MB]: 1 frames
      Requested Block Size 4.0 MB
      Peak Block count 25
      Peak Allocated memory 92.3 MB
      Peak Large allocation bytes 10.7 MB
    [ALLOC_CACHEOBJECTS_THREAD]
      Peak usage frame count: [0-1.0 KB]: 1 frames
      Requested Block Size 4.0 MB
      Peak Block count 0
      Peak Allocated memory 0 B
      Peak Large allocation bytes 0 B
[ALLOC_TYPETREE] Dual Thread Allocator
  Peak main deferred allocation count 1701
    [ALLOC_BUCKET]
      Large Block size 32.0 MB
      Used Block count 1
      Peak Allocated bytes 7.9 MB
    [ALLOC_TYPETREE_MAIN]
      Peak usage frame count: [16.0 MB-32.0 MB]: 1 frames
      Requested Block Size 2.0 MB
      Peak Block count 14
      Peak Allocated memory 25.7 MB
      Peak Large allocation bytes 0 B
    [ALLOC_TYPETREE_THREAD]
      Peak usage frame count: [0-1.0 KB]: 1 frames
      Requested Block Size 2.0 MB
      Peak Block count 0
      Peak Allocated memory 0 B
      Peak Large allocation bytes 0 B
[ALLOC_PROFILER]
  Peak usage frame count: [32.0 KB-64.0 KB]: 1 frames
  Requested Block Size 16.0 MB
  Peak Block count 1
  Peak Allocated memory 75.2 KB
  Peak Large allocation bytes 0 B
    [ALLOC_PROFILER_BUCKET]
      Large Block size 32.0 MB
      Used Block count 1
      Peak Allocated bytes 1.7 KB
[ALLOC_PROFILER_EDITOR]
  Peak usage frame count: [0-1.0 KB]: 1 frames
  Requested Block Size 1.0 MB
  Peak Block count 0
  Peak Allocated memory 0 B
  Peak Large allocation bytes 0 B
    [ALLOC_PROFILER_BUCKET]
      Large Block size 32.0 MB
      Used Block count 1
      Peak Allocated bytes 1.7 KB
##utp:{"type":"MemoryLeaks","version":2,"phase":"Immediate","time":1790072340595,"processId":57369,"allocatedMemory":3705126,"memoryLabels":[{"Default":10143},{"Permanent":15416},{"Thread":1083356},{"Manager":29834},{"VertexData":12},{"Geometry":280},{"Texture":160},{"Shader":67356},{"Material":24},{"GfxDevice":36248},{"Animation":264},{"Audio":3904},{"FontEngine":288},{"Physics":289},{"Serialization":600},{"Input":9008},{"JobScheduler":200},{"Mono":40},{"ScriptingNativeRuntime":43520},{"BaseObject":1618884},{"Resource":1000},{"Renderer":1936},{"Transform":24},{"File":30319},{"WebCam":24},{"Culling":40},{"Terrain":1025},{"Wind":24},{"String":16781},{"DynamicArray":64694},{"HashMap":79324},{"Utility":10227},{"Curl":3765},{"PoolAlloc":32192},{"AI":40},{"TypeTree":2064},{"ScriptManager":368},{"RuntimeInitializeOnLoadManager":72},{"SpriteAtlas":112},{"GI":3184},{"Unet":16},{"Director":7768},{"WebRequest":816},{"VR":45625},{"SceneManager":616},{"Video":1096},{"LazyScriptCache":32},{"NativeArray":12},{"Camera":25},{"Secure":1},{"SerializationCache":624},{"APIUpdating":5872},{"Subsystems":384},{"VirtualTexturing":57512},{"StaticSafetyDebugInfo":327752},{"EditorGui":40},{"EditorUtility":16544},{"VersionControl":4},{"Undo":434},{"AssetDatabase":10496},{"RestService":1310},{"EditorGi":368},{"License":6720},{"UnityConnect":28528},{"Collab":641},{"Upm":1520},{"DrivenProperties":80},{"HubClient":32},{"LocalIPC":214},{"ProfilerEditor":20157},{"CoreBusinessMetrics":2814},{"AssetReference":32}]}
